<?xml version="1.0" encoding="UTF-8"?>
<metadata xml:lang="es"><Esri><CreaDate>20240921</CreaDate><CreaTime>10124600</CreaTime><ArcGISFormat>1.0</ArcGISFormat><SyncOnce>TRUE</SyncOnce><DataProperties><lineage><Process Name="TIN to Raster" ToolSource="c:\program files\arcgis\pro\Resources\ArcToolbox\toolboxes\3D Analyst Tools.tbx\TinRaster" Date="20240921" Time="101246">TinRaster C:\Temp\Escalonada\MDT\TIN C:\Temp\Escalonada\MDT\MDT.tif FLOAT LINEAR "CELLSIZE 0.5" 1 10</Process></lineage></DataProperties></Esri></metadata>
