<PAMDataset>
  <PAMRasterBand band="1">
    <Histograms>
      <HistItem>
        <HistMin>0.07255427539348602</HistMin>
        <HistMax>4.507600784301758</HistMax>
        <BucketCount>256</BucketCount>
        <IncludeOutOfRange>1</IncludeOutOfRange>
        <Approximate>0</Approximate>
        <HistCounts>5265|5265|5265|5265|5130|5265|5265|5265|5130|5265|5265|5265|5265|5130|5265|5265|5265|2025|0|0|0|0|0|0|0|0|0|0|0|0|0|0|0|0|0|0|0|0|270|0|0|0|0|0|0|0|0|0|0|0|0|0|0|0|0|0|0|0|0|0|270|0|0|0|0|0|0|0|0|0|0|0|0|0|0|0|0|0|0|0|0|0|270|0|0|0|302400|0|0|0|0|0|0|448|0|0|0|0|0|0|0|0|0|718|0|0|0|0|0|0|0|0|135|448|0|0|0|0|0|0|0|0|0|448|0|270|0|0|0|0|0|0|0|448|0|0|0|0|0|0|0|0|0|448|0|0|270|0|0|0|0|0|0|448|0|0|0|0|0|0|0|0|0|448|0|0|0|0|270|0|0|0|448|0|0|0|0|0|0|0|0|0|448|0|0|0|0|0|0|945|5130|5265|5713|5130|5265|5265|5130|5265|5265|5130|5265|5265|5578|5265|5265|5130|5265|1485|0|0|0|0|448|0|0|0|0|0|0|0|0|0|448|0|0|0|0|0|0|0|0|0|448|0|0|0|0|7616|17472|17472|17024|17472|17472|17024|17472|17472|17024|17472|17472|17024|17472|17472|17024|17472|17024|448</HistCounts>
      </HistItem>
      <HistItem>
        <HistMin>0</HistMin>
        <HistMax>-1</HistMax>
        <BucketCount>1</BucketCount>
        <IncludeOutOfRange>1</IncludeOutOfRange>
        <Approximate>0</Approximate>
        <HistCounts>0</HistCounts>
      </HistItem>
    </Histograms>
    <Metadata>
      <MDI key="STATISTICS_COUNT">795795.000000</MDI>
      <MDI key="STATISTICS_COVARIANCES">2.311436770309394</MDI>
      <MDI key="STATISTICS_EXCLUDEDVALUES"></MDI>
      <MDI key="STATISTICS_MAXIMUM">4.5076007843018</MDI>
      <MDI key="STATISTICS_MEAN">2.7143837352891</MDI>
      <MDI key="STATISTICS_MEDIAN">2.611836</MDI>
      <MDI key="STATISTICS_MINIMUM">0.072554275393486</MDI>
      <MDI key="STATISTICS_SKIPFACTORX">1</MDI>
      <MDI key="STATISTICS_SKIPFACTORY">1</MDI>
      <MDI key="STATISTICS_STDDEV">1.5203410046136</MDI>
    </Metadata>
  </PAMRasterBand>
</PAMDataset>
