Fecha,15015020,15060050,15060070,15060080,15060150,15065040,16050240,16060010,16070010,16070020,16070030,16070040,23210020,23215050
1980-01-01,0.0,0.0,0.0,0.0,0.0,72.3,3.0,53.0,50.0,144.0,200.0,67.0,183.0,50.0
1980-01-02,0.0,27.0,133.0,23.0,23.0,72.3,3.0,16.0,87.0,144.0,97.0,59.0,183.0,14.0
1980-01-03,0.0,0.0,0.0,0.0,4.0,72.3,3.0,6.0,18.0,144.0,0.0,34.0,183.0,9.0
1980-01-04,27.2,141.0,251.0,68.0,29.0,72.3,3.0,230.0,167.0,144.0,345.0,229.0,183.0,80.0
1980-01-05,152.5,181.0,371.0,55.0,93.0,45.2,3.0,306.0,727.0,144.0,306.0,288.0,183.0,280.0
1980-01-06,92.3,27.0,151.0,30.0,27.0,87.6,3.0,89.0,312.0,144.0,89.0,212.0,183.0,59.0
1980-01-07,30.1,176.0,108.0,63.0,64.0,87.6,3.0,25.0,141.0,144.0,25.0,410.0,183.0,96.0
1980-01-08,41.8,105.0,42.0,111.0,76.0,141.9,3.0,48.0,474.0,144.0,48.0,508.0,183.0,172.0
1980-01-09,92.7,114.0,380.0,121.0,63.0,98.1,3.0,44.0,647.0,144.0,44.0,510.0,183.0,319.0
1980-01-10,132.8,96.0,352.0,74.0,82.0,135.4,3.0,24.0,549.0,144.0,24.0,575.0,183.0,209.0
1980-01-11,160.0,26.0,197.0,164.0,125.0,233.5,3.0,354.0,368.0,144.0,505.0,549.0,183.0,157.0
1980-01-12,4.0,10.0,16.0,97.0,20.0,15.7,3.0,299.0,240.0,144.0,360.0,437.0,183.0,168.5
1981-01-01,0.0,33.0,42.0,25.0,20.0,39.4,3.0,182.0,180.0,144.0,140.0,83.0,183.0,40.5
1981-01-02,2.8,30.9,85.0,64.0,15.0,16.5,3.0,424.0,315.0,144.0,408.0,354.0,183.0,88.6
1981-01-03,0.0,17.0,91.0,0.0,35.0,16.5,3.0,132.0,147.0,144.0,124.0,193.0,183.0,189.9
1981-01-04,116.9,68.0,397.0,308.0,75.0,195.3,3.0,1005.0,998.0,144.0,1107.0,863.0,183.0,91.1
1981-01-05,316.1,305.0,289.0,194.0,60.0,125.1,3.0,517.0,575.0,144.0,505.0,589.0,183.0,401.5
1981-01-06,108.7,72.0,655.0,122.0,103.0,94.5,3.0,307.0,625.0,144.0,358.0,233.0,183.0,404.3
1981-01-07,75.0,84.0,639.0,30.0,36.0,83.5,3.0,259.0,459.0,144.0,394.5,296.0,183.0,195.0
1981-01-08,134.2,112.0,466.0,186.0,116.0,83.5,3.0,336.0,468.0,144.0,394.5,763.0,183.0,336.0
1981-01-09,52.2,189.0,398.0,66.0,24.0,83.5,3.0,237.0,601.0,144.0,394.5,341.0,183.0,214.2
1981-01-10,407.0,231.0,354.0,296.0,342.0,83.5,3.0,285.0,634.0,144.0,394.5,598.0,183.0,774.3
1981-01-11,77.9,195.0,199.0,40.0,26.0,83.5,3.0,171.0,610.0,144.0,394.5,740.7,183.0,508.2
1981-01-12,82.1,20.0,54.0,0.0,7.0,19.0,3.0,220.7,96.0,144.0,394.5,308.0,183.0,64.9
1982-01-01,0.8,0.0,46.0,0.0,0.0,0.1,3.0,77.0,99.0,144.0,394.5,287.0,183.0,29.0
1982-01-02,0.0,11.0,15.0,0.0,0.0,0.0,3.0,253.0,173.0,144.0,394.5,623.0,183.0,106.0
1982-01-03,0.0,0.0,37.0,0.0,28.0,180.3,3.0,202.0,271.0,144.0,394.5,298.0,183.0,40.0
1982-01-04,16.7,110.0,139.0,139.0,29.0,180.3,3.0,342.0,709.0,144.0,394.5,465.0,183.0,141.0
1982-01-05,97.2,369.0,412.0,186.0,383.0,180.3,3.0,516.0,368.0,144.0,394.5,518.0,183.0,414.0
1982-01-06,32.5,59.0,175.0,54.0,89.0,36.4,3.0,317.0,143.0,144.0,394.5,340.0,183.0,160.0
1982-01-07,19.2,20.0,62.0,15.0,48.0,34.2,3.0,125.0,229.0,144.0,394.5,383.0,183.0,58.0
1982-01-08,19.5,10.0,107.0,24.0,89.0,80.7,3.0,150.0,305.0,144.0,394.5,306.0,183.0,74.0
1982-01-09,159.5,203.0,140.0,173.0,140.0,80.5,3.0,663.0,520.0,144.0,394.5,463.0,183.0,526.1
1982-01-10,108.5,100.0,62.0,100.0,177.0,94.0,3.0,866.0,604.0,144.0,394.5,851.0,183.0,559.2
1982-01-11,13.5,17.0,80.0,7.0,29.0,94.0,3.0,394.0,721.0,144.0,394.5,291.0,183.0,195.5
1982-01-12,0.0,15.0,0.0,0.0,19.0,94.0,3.0,507.0,206.0,144.0,394.5,291.0,183.0,17.0
1983-01-01,0.0,0.0,0.0,0.0,0.0,94.0,3.0,61.0,135.0,144.0,233.0,161.0,183.0,7.0
1983-01-02,0.0,0.0,0.0,0.0,0.0,94.0,3.0,0.0,18.0,144.0,20.0,11.0,183.0,91.1
1983-01-03,7.1,10.0,12.0,0.0,23.0,94.0,3.0,55.0,25.0,144.0,137.0,115.0,183.0,174.0
1983-01-04,55.8,105.5,110.0,58.0,50.0,94.0,3.0,328.1,436.0,144.0,399.0,989.0,183.0,263.0
1983-01-05,20.6,168.9,150.0,141.0,32.0,94.0,3.0,130.6,512.0,144.0,555.0,486.0,183.0,205.6
1983-01-06,191.9,178.0,22.0,79.0,59.0,94.0,3.0,120.5,411.0,144.0,469.0,506.0,183.0,159.6
1983-01-07,26.6,129.0,78.0,85.0,109.0,35.8,3.0,89.1,455.0,144.0,510.0,370.0,183.0,129.9
1983-01-08,15.2,132.0,0.0,55.0,16.0,71.0,3.0,115.7,930.0,144.0,405.0,426.0,183.0,148.5
1983-01-09,49.6,110.0,70.0,133.0,95.0,69.5,3.0,463.7,619.0,144.0,572.0,488.0,183.0,148.3
1983-01-10,149.7,130.0,56.0,155.0,31.0,12.3,3.0,282.8,572.0,144.0,675.7,382.0,183.0,485.4
1983-01-11,4.4,104.0,44.0,23.0,16.0,12.3,3.0,296.0,317.0,144.0,236.0,140.0,183.0,246.2
1983-01-12,0.2,0.0,21.5,0.0,0.0,12.3,3.0,60.0,180.0,144.0,231.0,147.0,183.0,37.0
1984-01-01,0.0,0.0,2.0,20.0,0.0,12.3,3.0,113.0,222.0,144.0,111.0,41.0,183.0,35.0
1984-01-02,0.0,2.0,15.0,40.0,27.0,12.3,3.0,69.3,271.0,144.0,76.0,133.0,183.0,108.0
1984-01-03,0.0,5.0,14.0,52.0,0.0,0.0,3.0,48.0,53.0,144.0,0.0,43.0,183.0,10.0
1984-01-04,18.2,44.0,87.0,53.0,0.0,16.9,166.0,303.0,383.6,144.0,345.0,386.0,183.0,276.0
1984-01-05,22.9,87.0,51.0,32.0,34.0,26.6,115.0,342.0,623.0,144.0,500.0,515.0,183.0,275.9
1984-01-06,234.5,84.0,114.0,35.0,91.0,108.4,159.0,189.0,254.0,144.0,373.0,205.0,183.0,382.6
1984-01-07,79.2,178.0,169.0,209.0,193.0,152.1,308.0,311.0,388.0,144.0,590.0,419.0,183.0,497.8
1984-01-08,38.7,145.0,195.0,114.0,87.0,59.2,207.0,197.0,522.0,144.0,1095.0,504.0,183.0,188.5
1984-01-09,242.0,288.0,130.1,214.0,112.0,130.1,304.0,356.8,701.0,144.0,484.0,515.0,183.0,307.3
1984-01-10,63.1,141.0,283.0,293.0,281.0,156.7,288.0,429.1,827.0,144.0,730.0,616.0,183.0,465.4
1984-01-11,134.4,171.0,141.0,74.0,46.0,234.6,225.0,335.0,793.0,144.0,830.0,569.0,183.0,364.4
1984-01-12,0.0,2.0,0.0,5.0,0.0,0.2,83.0,141.0,881.0,144.0,169.0,216.0,183.0,0.3
1985-01-01,0.0,0.0,0.0,0.0,0.0,7.0,9.0,30.0,40.0,144.0,45.0,45.0,183.0,1.1
1985-01-02,0.0,0.0,3.0,2.0,11.0,0.0,17.0,0.0,41.0,144.0,125.0,125.0,183.0,0.2
1985-01-03,0.0,0.0,40.0,4.0,12.0,12.5,113.0,350.0,182.0,144.0,410.0,195.0,183.0,75.0
1985-01-04,26.3,196.0,144.0,107.0,109.0,124.0,279.0,760.0,239.0,144.0,890.0,890.0,183.0,152.7
1985-01-05,7.8,145.0,277.0,269.0,158.0,29.8,173.0,282.0,583.0,144.0,759.0,456.0,183.0,232.7
1985-01-06,74.8,102.0,19.0,72.0,36.0,21.8,140.0,110.0,110.0,144.0,617.0,263.0,183.0,23.2
1985-01-07,59.7,160.3,42.0,148.0,18.0,43.0,197.0,320.0,158.0,144.0,350.0,152.0,183.0,67.2
1985-01-08,187.5,57.4,70.0,135.0,31.0,125.5,255.0,500.0,461.0,144.0,553.0,409.0,183.0,227.8
1985-01-09,115.9,139.2,226.4,188.0,39.5,131.2,355.0,520.0,633.0,144.0,563.0,622.0,183.0,519.9
1985-01-10,232.4,291.8,212.1,165.0,74.9,87.0,143.0,770.0,650.0,144.0,516.0,597.0,183.0,383.6
1985-01-11,85.4,122.2,45.5,10.0,37.6,20.0,180.0,480.0,587.0,144.0,1351.0,747.0,183.0,73.2
1985-01-12,55.3,97.0,87.7,123.0,69.9,117.1,185.0,680.0,248.0,144.0,408.0,643.0,183.0,119.9
1986-01-01,8.3,0.0,0.0,0.0,0.0,0.0,73.0,220.0,115.0,144.0,180.0,103.0,183.0,3.7
1986-01-02,0.0,30.1,19.8,5.0,14.0,16.0,450.0,290.0,84.0,144.0,295.0,177.0,183.0,86.4
1986-01-03,9.2,79.8,64.9,71.8,35.1,61.8,318.0,100.0,62.0,144.0,234.0,180.0,183.0,90.7
1986-01-04,1.1,144.0,344.5,214.0,183.0,36.7,423.0,730.0,535.0,415.0,649.0,844.0,183.0,169.4
1986-01-05,50.9,163.8,208.7,202.0,139.7,125.3,327.0,473.0,575.0,729.0,400.0,476.0,183.0,195.4
1986-01-06,27.3,107.2,113.4,107.0,45.7,80.3,107.0,340.0,274.0,170.0,240.0,140.0,183.0,36.1
1986-01-07,12.9,0.0,4.5,0.0,0.0,62.7,43.0,140.0,93.0,97.0,353.0,188.0,183.0,11.4
1986-01-08,78.3,65.3,123.8,148.0,48.5,91.0,189.0,310.0,327.0,349.0,450.0,387.0,183.0,96.1
1986-01-09,150.6,75.9,85.0,145.0,84.9,68.1,269.0,510.0,495.0,502.0,684.0,422.0,183.0,274.9
1986-01-10,156.1,262.1,163.1,119.0,188.5,59.3,416.0,757.0,702.0,483.0,1029.0,498.0,183.0,466.9
1986-01-11,3.7,45.8,0.0,116.0,4.6,0.3,169.0,280.0,304.0,102.0,401.0,215.0,183.0,65.7
1986-01-12,1.5,0.0,0.0,0.0,0.0,0.2,33.0,220.0,40.0,54.0,410.0,185.0,183.0,38.9
1987-01-01,0.0,0.0,0.0,0.0,0.0,2.5,23.0,70.0,107.0,9.0,127.0,8.0,183.0,3.4
1987-01-02,0.0,7.5,18.5,69.0,46.4,0.0,60.0,0.0,35.0,54.0,59.0,50.0,183.0,58.7
1987-01-03,0.0,5.3,31.2,35.0,8.7,4.4,126.0,150.0,135.0,114.0,100.0,226.0,183.0,307.0
1987-01-04,0.0,189.7,249.2,118.0,114.1,174.5,166.0,410.0,447.0,420.0,409.0,335.0,183.0,251.6
1987-01-05,39.1,140.6,257.7,242.0,194.4,177.9,112.0,392.0,312.0,646.0,549.0,226.0,183.0,333.3
1987-01-06,23.0,85.0,58.6,64.0,12.2,72.8,93.0,250.0,255.0,248.0,686.0,76.0,183.0,121.5
1987-01-07,3.5,41.3,144.8,132.0,112.3,82.5,220.0,230.0,432.0,354.0,849.0,442.0,183.0,90.7
1987-01-08,45.3,98.3,71.6,56.0,31.4,113.9,159.0,250.0,791.0,593.0,860.0,442.0,183.0,202.0
1987-01-09,69.3,149.5,117.7,72.0,57.9,144.6,397.0,390.0,566.0,678.0,558.0,442.0,183.0,462.8
1987-01-10,64.6,236.3,280.0,284.0,208.5,176.5,312.0,360.0,757.0,851.0,558.0,442.0,183.0,663.3
1987-01-11,18.3,105.1,72.8,54.0,46.4,49.0,175.0,440.0,381.0,515.0,558.0,442.0,183.0,306.8
1987-01-12,0.0,33.0,14.9,98.0,58.0,6.6,135.0,220.0,478.0,182.0,473.0,442.0,183.0,326.6
1988-01-01,0.0,0.0,0.0,0.0,0.0,0.0,3.0,32.0,30.0,22.0,14.0,442.0,183.0,0.0
1988-01-02,0.0,8.8,1.9,0.0,0.0,0.0,66.0,70.0,53.0,52.0,125.0,442.0,183.0,100.3
1988-01-03,0.0,26.3,0.0,0.0,0.0,8.0,66.0,150.0,125.0,95.0,69.0,442.0,183.0,13.5
1988-01-04,0.9,91.6,147.1,272.0,188.8,37.2,139.0,460.0,400.0,297.0,285.0,442.0,183.0,200.4
1988-01-05,195.8,108.0,117.8,88.0,98.9,63.6,154.0,120.0,266.0,637.0,328.0,442.0,183.0,170.7
1988-01-06,143.7,182.3,194.7,231.0,138.2,140.3,319.0,310.0,420.0,550.0,564.0,442.0,183.0,344.8
1988-01-07,59.6,114.7,74.9,80.0,47.9,137.4,147.0,220.0,350.0,761.0,287.0,442.0,183.0,77.5
1988-01-08,257.0,132.3,357.4,296.0,379.1,151.1,386.0,600.0,741.0,1210.0,508.0,442.0,183.0,281.5
1988-01-09,269.2,118.9,260.4,83.0,90.3,82.0,374.0,343.0,544.0,1103.0,587.0,442.0,183.0,118.7
1988-01-10,242.2,245.5,214.9,147.0,220.9,146.9,384.0,360.0,726.0,1151.0,1077.0,442.0,183.0,342.2
1988-01-11,118.1,117.2,156.0,113.0,201.2,78.3,284.0,385.0,762.0,992.0,581.0,442.0,183.0,324.8
1988-01-12,0.2,25.0,14.6,14.0,8.0,24.9,129.0,111.0,163.0,235.0,297.0,442.0,183.0,29.4
1989-01-01,0.0,3.9,0.0,0.0,0.0,0.0,93.0,80.0,247.0,150.0,183.0,143.0,183.0,2.6
1989-01-02,0.0,1.2,18.6,0.0,4.1,0.6,48.0,180.0,78.0,107.0,249.0,350.0,183.0,111.8
1989-01-03,0.0,7.9,4.0,0.0,0.0,0.5,199.0,410.0,545.0,325.0,524.0,316.0,183.0,273.1
1989-01-04,0.2,19.5,40.3,10.0,47.3,26.6,22.0,350.0,283.0,242.0,178.0,234.0,183.0,76.6
1989-01-05,56.5,255.7,166.3,57.0,247.9,113.0,294.0,450.0,665.0,409.0,270.0,492.0,183.0,239.0
1989-01-06,67.3,55.9,26.6,55.0,41.0,17.8,141.0,352.0,694.0,288.0,510.0,436.0,183.0,209.8
1989-01-07,78.9,61.5,139.4,151.0,84.1,118.0,114.0,350.0,395.0,351.0,418.0,405.0,183.0,159.9
1989-01-08,120.2,67.6,88.7,115.0,75.1,41.9,216.0,336.0,476.0,553.0,252.0,358.0,183.0,132.0
1989-01-09,120.4,203.6,94.2,55.0,107.9,148.9,368.0,371.0,663.0,553.0,601.0,550.0,183.0,272.1
1989-01-10,56.8,151.2,146.2,115.0,102.9,78.6,294.0,381.0,819.0,788.0,666.0,496.0,183.0,150.8
1989-01-11,43.6,45.4,85.0,15.0,91.6,41.6,314.0,348.0,799.0,650.0,939.0,495.0,183.0,287.3
1989-01-12,189.2,30.6,85.0,50.0,65.4,46.8,116.0,101.0,169.0,38.0,106.0,97.0,183.0,179.1
1990-01-01,0.0,0.0,0.0,0.0,0.0,0.0,31.0,190.0,285.0,190.0,217.0,142.0,183.0,0.3
1990-01-02,2.5,1.7,0.0,0.0,0.0,0.0,61.0,110.0,52.0,173.0,122.0,97.0,183.0,116.1
1990-01-03,0.0,0.0,7.1,0.0,16.8,0.0,67.0,180.0,306.0,140.0,172.0,85.0,183.0,6.6
1990-01-04,30.6,84.4,111.0,121.0,120.4,51.5,219.9,264.0,343.0,154.0,641.0,642.0,183.0,322.0
1990-01-05,79.0,137.8,119.8,77.0,152.7,75.2,89.0,166.0,361.0,455.0,792.0,432.0,183.0,52.3
1990-01-06,14.8,94.0,31.8,5.0,3.4,67.7,102.0,190.0,183.0,229.0,188.0,307.0,183.0,260.1
1990-01-07,19.8,89.9,152.1,115.0,78.5,32.9,98.0,344.0,364.0,299.0,343.0,326.0,183.0,53.5
1990-01-08,59.9,76.4,46.9,82.0,100.9,81.4,116.0,402.0,310.0,506.0,314.0,407.0,183.0,160.4
1990-01-09,85.0,270.4,75.8,143.0,46.3,140.4,91.0,400.0,424.0,525.0,363.0,369.0,183.0,177.3
1990-01-10,403.1,195.6,287.1,476.0,355.8,184.6,201.0,550.0,528.0,712.0,544.0,369.0,183.0,388.7
1990-01-11,55.6,213.1,88.5,110.0,26.9,107.1,238.0,598.0,568.0,565.0,539.0,369.0,183.0,289.7
1990-01-12,51.9,52.5,31.8,6.0,0.0,0.0,153.1,442.0,170.0,120.0,242.0,369.0,183.0,27.2
1991-01-01,0.0,0.0,0.0,10.0,0.0,0.0,10.0,197.0,39.0,78.0,66.0,369.0,183.0,0.0
1991-01-02,17.5,0.0,0.0,15.0,0.0,0.0,43.0,190.0,180.0,109.0,297.0,369.0,183.0,8.7
1991-01-03,0.0,57.2,49.9,0.0,66.5,27.9,56.0,377.0,224.0,234.0,263.0,369.0,183.0,139.5
1991-01-04,0.0,16.8,110.9,78.0,40.2,34.8,114.0,802.0,524.0,386.0,346.0,369.0,183.0,120.8
1991-01-05,65.2,87.4,146.4,225.0,108.1,121.3,330.0,640.0,432.0,569.0,456.0,369.0,183.0,256.6
1991-01-06,31.2,29.0,42.2,284.0,40.1,87.2,126.0,327.0,396.0,420.0,256.0,369.0,183.0,146.1
1991-01-07,45.1,5.9,25.2,0.0,17.1,61.5,116.0,468.0,282.0,156.0,308.0,369.0,183.0,30.2
1991-01-08,32.3,117.9,69.7,85.0,41.8,100.0,88.0,341.0,162.0,188.0,223.0,369.0,183.0,105.0
1991-01-09,83.0,183.8,198.1,219.0,109.2,125.3,250.0,825.0,320.0,416.0,679.0,369.0,183.0,454.4
1991-01-10,110.4,184.3,147.0,129.0,43.5,74.9,160.0,461.0,526.0,280.0,312.0,234.0,183.0,230.2
1991-01-11,4.8,93.8,108.8,10.0,72.7,18.2,242.0,678.0,658.0,520.0,769.0,234.0,183.0,372.8
1991-01-12,0.0,2.5,3.0,0.0,0.0,17.1,69.0,472.0,167.0,199.0,257.0,234.0,183.0,0.0
1992-01-01,0.0,0.3,2.7,0.0,1.8,0.0,71.0,85.0,90.0,61.0,0.0,40.0,183.0,55.6
1992-01-02,0.0,0.0,0.0,0.0,0.0,0.0,30.0,110.0,49.0,100.0,39.0,145.0,183.0,10.0
1992-01-03,0.0,0.0,0.0,0.0,0.0,9.3,9.0,203.0,15.0,0.0,72.0,78.0,183.0,4.0
1992-01-04,36.8,86.4,29.2,0.0,13.4,5.6,111.0,364.0,268.0,498.0,246.0,235.0,183.0,179.1
1992-01-05,27.4,162.7,147.0,197.8,131.8,82.0,271.0,505.0,645.0,634.0,693.0,520.0,183.0,557.2
1992-01-06,70.4,150.2,164.4,50.0,89.2,138.3,84.0,242.0,350.0,355.0,363.0,209.0,183.0,180.4
1992-01-07,96.6,122.2,105.5,25.0,8.6,28.1,193.0,597.0,466.0,572.0,497.0,594.0,183.0,100.8
1992-01-08,79.1,97.5,82.0,104.0,17.2,105.4,164.0,320.0,501.0,516.0,341.0,236.0,183.0,219.4
1992-01-09,146.6,197.6,227.6,149.0,274.8,178.5,223.0,446.0,470.0,869.0,481.0,369.0,183.0,471.0
1992-01-10,34.9,77.5,134.0,140.0,53.5,82.0,180.0,303.0,433.0,521.0,478.0,303.0,183.0,236.1
1992-01-11,2.7,74.0,93.4,85.0,34.1,6.6,196.0,499.0,474.0,888.0,637.0,492.0,183.0,261.4
1992-01-12,0.0,7.5,30.0,0.0,0.0,17.7,74.0,65.0,202.0,156.0,214.0,276.0,183.0,30.2
1993-01-01,1.0,0.5,7.4,10.0,27.4,0.0,33.0,300.0,122.0,153.0,139.0,85.0,183.0,169.0
1993-01-02,0.0,0.0,0.0,0.0,0.0,0.0,21.0,0.0,5.0,23.0,41.0,67.0,183.0,15.0
1993-01-03,0.0,0.5,45.1,67.0,36.0,13.4,58.0,356.0,118.0,322.0,366.0,366.0,183.0,170.4
1993-01-04,19.1,138.2,470.1,108.0,138.9,92.4,30.4,549.0,563.0,506.0,697.0,363.0,183.0,315.8
1993-01-05,204.6,142.5,209.2,148.0,118.0,199.1,26.0,388.0,473.0,543.0,662.0,451.0,183.0,552.7
1993-01-06,44.5,41.3,54.8,70.0,36.2,66.2,4.7,140.0,414.0,160.0,216.0,206.0,183.0,135.4
1993-01-07,26.0,76.4,47.3,0.0,22.8,61.4,12.8,190.0,233.0,666.0,335.0,153.0,183.0,90.0
1993-01-08,125.1,91.6,115.7,221.0,70.3,115.2,15.5,350.0,389.0,559.0,335.0,254.0,183.0,420.9
1993-01-09,125.3,128.0,180.7,100.0,88.1,99.2,38.2,823.0,637.0,470.0,746.0,495.0,183.0,487.2
1993-01-10,51.5,44.6,58.8,123.0,34.1,22.7,50.0,655.0,588.0,367.0,680.0,289.0,183.0,70.5
1993-01-11,74.2,28.0,165.3,183.0,97.4,73.5,11.0,914.0,650.0,808.0,813.0,451.0,183.0,362.8
1993-01-12,0.0,6.5,0.0,55.0,22.9,0.0,50.0,205.0,437.0,258.0,359.0,181.0,183.0,35.0
1994-01-01,0.0,10.5,0.0,18.0,7.7,0.0,11.0,0.0,64.0,33.0,80.0,51.0,183.0,40.0
1994-01-02,0.0,10.5,9.4,34.0,16.3,0.0,21.0,109.0,75.0,68.0,156.0,132.0,183.0,75.5
1994-01-03,0.0,10.5,0.0,0.0,6.1,0.0,63.0,184.0,9.0,487.0,151.0,118.0,183.0,241.4
1994-01-04,0.5,10.5,117.5,104.0,61.4,13.5,212.0,408.0,400.0,487.0,373.0,298.0,183.0,174.5
1994-01-05,143.2,10.5,119.2,21.0,24.7,124.0,281.0,575.0,425.0,587.0,497.0,399.0,183.0,292.5
1994-01-06,3.4,10.5,33.2,38.0,0.0,0.0,66.0,140.0,176.0,518.0,258.0,231.0,183.0,105.0
1994-01-07,12.4,10.5,32.5,15.0,42.4,48.1,159.0,647.0,366.0,484.0,421.0,424.0,183.0,187.6
1994-01-08,27.5,10.5,68.7,66.0,29.0,27.2,214.0,587.0,412.0,157.0,431.0,404.0,183.0,267.6
1994-01-09,61.4,10.5,135.3,85.0,73.3,163.9,160.0,572.0,313.0,157.0,235.0,297.0,183.0,445.1
1994-01-10,130.3,10.5,337.9,121.0,280.8,104.9,220.0,758.0,593.0,675.0,713.0,506.0,183.0,334.5
1994-01-11,214.5,10.5,200.7,105.0,129.2,126.8,430.0,911.0,465.0,673.0,1254.0,1173.0,183.0,265.1
1994-01-12,0.0,10.5,4.3,0.0,0.0,2.0,67.0,215.0,291.0,105.0,298.0,389.0,183.0,35.2
1995-01-01,2.4,10.5,32.5,15.0,3.8,33.0,7.0,45.0,31.0,63.0,41.0,9.0,183.0,5.0
1995-01-02,0.0,20.0,1.2,0.0,0.0,0.0,5.0,0.0,46.0,41.0,20.0,16.0,183.0,10.0
1995-01-03,2.8,30.0,58.9,35.0,23.2,24.3,192.0,395.0,272.0,197.0,197.0,457.0,183.0,220.5
1995-01-04,215.2,111.5,101.0,77.0,32.2,86.5,146.0,527.0,399.0,645.0,308.0,434.0,183.0,180.7
1995-01-05,12.8,167.8,190.6,248.0,286.5,182.5,184.0,378.0,355.0,391.0,444.0,311.0,183.0,288.3
1995-01-06,79.7,100.1,100.3,74.0,197.3,152.8,260.0,242.0,514.0,166.0,310.0,324.0,211.0,217.4
1995-01-07,79.9,95.0,90.1,310.0,75.8,65.1,242.0,682.0,615.0,163.0,545.0,422.0,257.0,430.2
1995-01-08,267.8,204.7,143.7,119.0,205.5,202.6,335.0,515.0,704.0,493.0,404.0,395.0,422.0,895.2
1995-01-09,212.8,90.5,245.9,23.9,311.1,96.0,224.0,751.0,808.0,583.0,658.0,481.0,422.0,724.9
1995-01-10,235.4,170.5,216.3,41.0,175.1,125.7,346.0,898.0,920.0,741.0,779.0,670.0,420.0,357.5
1995-01-11,1.9,7.2,132.0,6.6,101.7,76.4,85.0,430.0,707.0,324.0,385.0,224.0,80.0,171.0
1995-01-12,1.2,9.0,3.9,3.4,44.7,17.0,95.0,383.0,290.0,276.0,324.0,111.0,46.0,84.2
1996-01-01,0.0,30.0,0.0,0.3,11.6,5.2,31.0,155.0,59.0,60.0,247.0,103.0,16.0,30.3
1996-01-02,0.0,10.0,15.0,0.0,12.2,0.0,64.0,211.0,54.0,265.0,133.0,111.0,40.0,65.9
1996-01-03,41.5,10.1,47.7,6.9,22.4,27.5,68.0,205.0,234.0,329.0,216.0,163.0,150.0,258.7
1996-01-04,0.5,73.5,168.4,13.9,73.4,30.5,159.0,539.0,369.0,220.0,386.0,505.0,138.0,251.4
1996-01-05,81.6,145.5,232.9,16.2,114.7,34.4,266.0,731.0,758.0,753.0,562.0,407.0,263.0,533.0
1996-01-06,95.7,110.0,63.7,9.8,59.2,27.7,282.0,620.0,415.0,308.0,286.0,457.0,354.0,488.2
1996-01-07,152.0,46.0,104.5,5.5,52.6,60.0,222.0,663.0,279.0,461.0,401.0,350.0,180.0,266.7
1996-01-08,53.8,118.0,138.0,102.0,45.1,102.0,169.0,679.0,549.0,706.0,553.0,415.0,387.0,467.6
1996-01-09,83.3,184.5,186.0,69.0,125.3,196.0,328.0,808.0,992.0,816.0,597.0,318.0,98.0,532.8
1996-01-10,197.7,80.5,185.0,147.0,89.5,86.0,354.0,855.0,1398.0,1011.0,1016.0,608.0,253.0,657.9
1996-01-11,26.4,152.5,212.4,242.0,194.8,145.1,177.0,680.0,578.0,543.0,416.0,642.0,102.0,276.7
1996-01-12,2.3,94.0,36.6,29.0,85.0,17.8,242.0,577.0,728.0,475.0,693.0,755.0,66.0,60.4
1997-01-01,0.0,32.0,8.6,15.0,5.0,2.0,60.0,497.0,272.0,294.0,378.0,153.0,55.0,55.7
1997-01-02,0.0,0.0,0.0,22.0,0.0,0.0,54.0,247.0,330.0,432.0,176.0,322.0,38.0,30.3
1997-01-03,0.0,0.0,0.0,0.0,0.0,124.0,31.0,0.0,93.0,56.0,125.0,66.0,24.0,15.4
1997-01-04,2.6,26.0,102.8,130.0,57.0,124.0,144.0,81.0,257.0,223.0,263.0,515.0,36.0,381.5
1997-01-05,0.0,89.0,153.4,133.0,30.2,124.0,68.0,420.0,433.0,250.0,319.0,144.0,47.0,342.6
1997-01-06,108.2,127.2,374.7,220.0,90.0,124.0,265.0,254.0,673.0,497.0,430.0,309.0,188.0,341.8
1997-01-07,10.8,10.0,0.0,13.0,0.0,124.0,90.0,110.0,86.0,247.0,103.0,433.0,45.0,200.7
1997-01-08,20.7,90.8,18.0,60.0,70.6,124.0,44.0,242.0,220.0,296.0,225.0,135.0,59.0,180.9
1997-01-09,109.5,151.5,163.6,169.0,113.0,124.0,206.0,809.0,522.0,508.0,547.0,418.0,228.0,411.4
1997-01-10,34.3,125.0,79.7,110.0,25.9,124.0,167.0,285.0,618.0,725.0,474.0,520.0,81.0,131.1
1997-01-11,84.3,18.0,149.7,78.0,0.0,124.0,164.0,285.0,187.0,366.0,331.0,407.0,112.0,190.6
1997-01-12,0.0,0.0,0.0,0.0,0.0,124.0,88.0,69.0,18.0,18.0,147.0,30.0,0.0,0.0
1998-01-01,0.0,0.0,0.0,0.0,0.0,124.0,5.3,44.0,30.0,10.0,69.0,54.0,0.0,0.0
1998-01-02,0.5,0.0,0.0,0.0,0.0,124.0,29.7,235.0,75.0,75.0,316.0,357.0,40.0,243.8
1998-01-03,2.4,9.4,28.0,34.0,31.2,124.0,80.3,173.0,128.0,15.0,153.0,305.0,97.0,291.8
1998-01-04,24.7,130.6,0.0,142.0,0.0,124.0,176.7,534.0,650.0,647.0,606.0,903.0,202.0,330.6
1998-01-05,74.4,221.5,146.0,722.0,165.4,124.0,182.0,574.0,929.0,1131.0,312.0,148.0,252.0,471.6
1998-01-06,232.5,98.0,141.0,248.0,142.4,124.0,148.9,291.0,563.0,396.0,365.0,93.0,148.0,378.2
1998-01-07,47.8,46.0,87.0,110.0,94.3,124.0,184.8,436.0,455.0,424.0,419.0,445.0,316.0,413.7
1998-01-08,106.3,66.3,2.0,348.0,0.0,124.0,242.0,160.0,770.0,590.0,266.0,341.0,373.0,418.2
1998-01-09,161.7,131.4,150.0,267.0,149.8,124.0,278.2,218.0,354.0,343.0,331.0,469.0,261.0,557.1
1998-01-10,77.0,52.8,91.0,199.0,88.5,124.0,310.6,344.0,733.0,702.0,478.0,448.0,241.0,563.6
1998-01-11,76.5,54.5,58.0,50.0,54.4,124.0,237.0,375.0,622.0,465.0,788.0,543.0,188.0,202.0
1998-01-12,9.4,40.0,77.0,168.0,75.0,124.0,172.0,844.0,781.0,658.0,797.0,581.0,78.0,309.8
1999-01-01,2.2,0.2,0.0,0.0,0.0,124.0,61.0,888.0,259.0,162.0,132.0,132.0,70.0,112.6
1999-01-02,0.1,9.5,0.0,15.0,0.0,124.0,131.0,437.0,449.0,366.0,378.0,313.0,70.0,121.0
1999-01-03,20.5,16.0,42.0,60.0,0.0,124.0,139.0,81.0,86.0,,171.0,157.0,88.0,211.6
1999-01-04,84.0,76.5,98.0,93.0,25.5,124.0,290.0,522.0,535.0,,420.0,1004.0,88.0,380.4
1999-01-05,17.7,98.0,172.0,147.0,151.1,124.0,187.0,257.0,255.0,,357.0,368.0,108.0,551.6
1999-01-06,162.7,103.5,130.6,60.3,98.6,124.0,119.0,590.0,604.0,,541.0,467.0,230.0,532.5
1999-01-07,62.0,48.0,117.8,67.0,94.8,124.0,104.0,246.0,449.0,,343.0,271.0,295.0,323.5
1999-01-08,138.3,95.5,130.0,68.0,107.2,124.0,158.0,366.0,371.0,,5.0,348.0,131.0,901.9
1999-01-09,289.3,162.8,263.8,203.0,231.0,124.0,311.0,353.0,569.0,,134.0,329.0,328.0,1026.5
1999-01-10,314.2,175.5,386.1,197.0,371.5,124.0,605.0,450.0,1171.0,,658.0,236.0,348.0,694.1
1999-01-11,221.5,113.0,206.5,147.8,230.0,124.0,216.0,212.0,1027.0,,451.0,300.0,25.0,570.3
1999-01-12,51.5,55.7,305.5,149.0,346.6,124.0,342.0,457.0,534.0,,516.0,1067.0,6.0,155.5
2000-01-01,2.6,43.5,6.0,70.0,0.0,124.0,101.0,213.0,197.0,,207.0,264.0,15.0,101.0
2000-01-02,0.0,29.0,5.0,5.0,0.0,124.0,103.0,323.0,451.0,,389.0,452.0,43.0,140.4
2000-01-03,0.0,3.0,0.0,0.0,0.0,124.0,67.0,194.0,412.0,,403.0,463.0,39.0,15.0
2000-01-04,1.5,22.0,0.0,70.0,40.1,124.0,155.0,427.0,224.0,,199.0,199.0,139.0,429.7
2000-01-05,47.6,59.3,6.0,136.0,74.4,124.0,231.0,633.0,670.0,,724.0,533.0,180.0,1018.6
2000-01-06,99.1,26.0,0.0,133.0,0.0,124.0,150.0,259.0,485.0,,488.0,165.0,155.0,374.5
2000-01-07,79.2,72.4,0.0,29.0,38.5,124.0,107.0,322.0,349.0,,330.0,421.0,80.0,192.7
2000-01-08,51.5,63.2,46.0,95.0,173.9,124.0,127.0,292.0,313.0,,299.0,161.0,126.0,160.5
2000-01-09,173.1,81.5,34.0,217.0,140.4,124.0,393.0,290.0,363.0,,379.0,533.0,386.0,975.2
2000-01-10,29.2,182.5,54.0,104.0,170.9,124.0,254.0,540.0,558.0,,606.0,538.0,255.0,486.8
2000-01-11,36.1,80.6,35.0,105.0,125.8,124.0,193.0,322.0,415.0,,468.0,398.0,110.0,666.9
2000-01-12,115.0,10.3,71.0,43.0,58.7,124.0,60.0,56.0,136.0,,126.0,128.0,35.0,249.0
2001-01-01,0.0,0.0,0.0,0.0,0.0,124.0,25.0,60.0,0.0,,0.0,44.0,3.0,10.0
2001-01-02,0.0,0.0,0.0,0.0,0.0,124.0,12.0,5.0,22.0,,0.0,10.0,0.0,0.0
2001-01-03,0.0,14.5,0.0,35.0,66.3,124.0,105.0,123.0,287.0,,299.0,215.0,176.0,363.0
2001-01-04,0.0,15.8,0.0,12.0,10.4,124.0,80.0,263.0,448.1,,282.0,357.0,25.0,50.5
2001-01-05,105.3,123.2,17.0,217.0,136.3,124.0,187.0,476.0,715.0,,500.0,366.0,100.0,502.9
2001-01-06,6.9,21.9,0.0,33.0,0.0,124.0,76.0,169.0,473.0,,271.0,240.0,160.0,253.3
2001-01-07,25.8,103.0,0.0,85.0,111.4,124.0,117.0,351.0,266.0,,473.0,274.0,235.0,353.5
2001-01-08,76.6,98.1,0.0,132.0,7.1,124.0,144.0,236.0,428.0,,293.0,186.0,175.0,42.2
2001-01-09,51.6,58.5,0.0,58.0,62.0,124.0,182.0,470.0,667.0,,714.0,677.0,100.0,777.2
2001-01-10,11.7,124.5,0.0,255.0,133.1,124.0,91.0,591.0,816.0,,463.0,275.0,210.0,667.9
2001-01-11,0.2,76.1,0.0,137.0,139.8,124.0,350.0,474.0,734.0,,971.0,581.0,60.0,375.0
2001-01-12,0.1,10.1,0.0,15.0,21.6,124.0,142.0,347.0,948.0,,692.0,487.0,125.0,105.2
2002-01-01,0.0,0.0,0.0,0.0,0.0,124.0,39.0,15.0,60.0,,332.0,186.0,0.0,28.2
2002-01-02,0.0,0.0,0.0,0.0,0.0,124.0,27.0,51.0,127.0,,332.0,200.0,60.0,12.4
2002-01-03,1.5,20.0,0.0,0.0,0.0,124.0,49.0,197.0,258.0,,325.0,251.0,50.0,97.6
2002-01-04,13.0,41.3,0.0,58.0,32.3,124.0,106.0,454.0,686.0,,637.0,571.0,120.0,428.8
2002-01-05,154.8,73.4,0.0,95.0,95.6,124.0,132.0,450.0,676.0,,284.0,528.0,248.0,288.3
2002-01-06,92.2,51.3,0.0,42.0,62.3,124.0,168.0,160.0,568.0,,284.0,274.0,183.0,319.0
2002-01-07,64.3,0.0,0.0,44.0,0.0,124.0,69.0,202.0,244.0,,284.0,258.0,99.0,182.6
2002-01-08,73.9,57.7,0.0,156.0,45.5,124.0,128.0,180.0,321.0,,276.0,366.0,205.0,189.7
2002-01-09,63.7,81.9,0.0,75.0,81.2,124.0,252.0,117.0,340.0,,606.0,400.0,152.0,432.6
2002-01-10,0.0,163.6,0.0,158.0,85.5,124.0,186.0,451.0,906.0,,606.0,547.0,445.0,692.6
2002-01-11,0.0,8.0,0.0,70.0,0.0,124.0,122.0,334.0,737.0,,595.0,221.0,155.0,156.2
2002-01-12,0.0,80.6,0.0,113.0,46.2,124.0,77.0,295.0,104.0,,265.0,137.0,40.0,130.0
2003-01-01,0.0,0.0,0.0,0.0,0.0,0.0,79.0,33.0,14.0,,265.0,59.0,20.0,13.0
2003-01-02,0.0,0.0,0.0,0.0,0.0,0.0,24.0,22.0,38.0,,265.0,65.0,40.0,5.0
2003-01-03,0.0,68.6,11.0,106.0,24.9,0.0,83.0,159.0,91.0,,120.0,313.0,55.0,231.2
2003-01-04,7.2,295.6,296.0,180.0,78.4,171.0,227.0,198.0,685.0,,335.0,272.0,195.0,333.6
2003-01-05,0.0,46.7,83.0,70.0,157.4,39.0,104.0,459.0,509.0,,85.0,257.0,265.0,283.4
2003-01-06,59.2,72.3,137.0,101.0,58.6,237.7,236.0,77.0,655.0,,470.0,117.0,230.0,839.8
2003-01-07,68.3,33.4,117.0,134.0,54.4,84.6,146.0,307.0,932.0,,423.0,370.0,195.0,219.0
2003-01-08,54.8,166.5,80.0,112.0,50.1,66.5,254.0,254.0,527.0,,730.0,337.0,215.0,744.5
2003-01-09,22.3,138.2,265.0,169.0,168.3,203.0,377.0,513.0,393.0,,730.0,496.0,540.0,500.4
2003-01-10,172.6,81.5,211.0,124.0,161.0,103.2,302.0,470.0,647.0,,730.0,282.0,540.0,1094.2
2003-01-11,28.0,257.2,287.0,207.0,218.5,84.0,165.0,426.0,1069.0,,730.0,237.0,395.0,422.3
2003-01-12,49.4,30.3,17.0,23.0,15.8,19.0,156.0,334.0,443.0,,730.0,143.0,75.0,311.0
2004-01-01,0.0,1.5,0.0,0.0,0.0,0.0,81.0,27.0,98.0,,730.0,65.0,0.0,40.0
2004-01-02,0.0,0.0,2.0,0.0,0.0,0.0,31.0,61.0,691.0,,730.0,75.0,35.0,5.0
2004-01-03,0.0,0.0,17.0,0.0,0.0,0.0,78.0,17.0,691.0,,730.0,86.0,10.0,5.0
2004-01-04,46.7,157.0,139.0,217.0,16.1,158.5,303.0,307.0,691.0,,730.0,822.0,330.0,688.7
2004-01-05,118.8,0.0,172.0,152.0,58.6,53.0,198.0,556.0,1154.0,,599.0,560.0,240.0,370.8
2004-01-06,7.3,42.0,3.0,67.0,35.4,112.0,63.0,135.0,657.0,,25.0,215.0,20.0,120.8
2004-01-07,64.9,56.3,83.0,139.0,32.7,67.0,179.0,355.0,730.0,,130.0,602.0,160.0,428.2
2004-01-08,100.9,74.0,66.0,67.0,28.0,14.0,210.0,192.0,435.0,,381.0,348.0,200.0,76.0
2004-01-09,165.1,43.0,86.0,147.0,113.8,85.6,199.0,423.0,871.0,,394.0,393.0,390.0,950.4
2004-01-10,195.9,43.0,141.0,252.0,55.9,52.2,407.0,695.0,1198.0,,658.0,870.0,340.0,788.0
2004-01-11,78.9,43.0,150.0,106.0,70.0,44.4,315.0,377.0,867.0,,195.0,990.4,160.0,374.2
2004-01-12,0.5,43.0,3.0,0.0,0.0,44.4,119.0,133.0,332.0,,255.0,541.0,30.0,32.0
2005-01-01,2.1,43.0,4.0,0.0,0.0,44.4,191.0,164.0,364.0,,220.0,548.0,10.0,54.6
2005-01-02,0.0,60.8,2.0,0.0,0.0,3.4,174.0,103.0,231.0,,160.0,312.0,10.0,76.4
2005-01-03,0.0,0.0,0.0,0.0,6.1,0.0,90.0,101.0,115.0,,160.0,172.0,10.0,141.9
2005-01-04,16.7,105.6,106.0,209.0,32.9,103.3,264.0,334.0,390.0,,609.0,307.0,220.0,111.6
2005-01-05,30.5,145.6,105.0,147.0,61.3,7.8,351.0,346.0,488.0,,383.0,399.0,200.0,272.0
2005-01-06,204.1,165.8,202.0,246.0,6.6,130.4,272.0,366.0,660.0,,505.0,315.0,170.0,600.1
2005-01-07,20.1,37.8,81.0,137.0,72.9,78.2,86.0,56.0,356.0,,213.0,342.0,120.0,255.0
2005-01-08,69.4,176.9,126.0,119.0,53.5,125.3,129.0,172.0,415.0,,373.0,332.0,265.0,338.8
2005-01-09,77.0,191.7,161.0,130.0,117.4,135.3,224.0,250.0,384.0,,360.0,266.0,201.0,599.1
2005-01-10,114.9,75.0,192.0,213.0,41.0,107.0,416.0,384.0,781.0,,884.0,618.0,135.0,808.8
2005-01-11,139.5,281.0,188.0,230.0,28.9,8.0,344.0,598.0,1444.0,,900.0,641.0,345.0,803.5
2005-01-12,139.5,1.0,11.0,0.0,0.0,8.0,149.0,273.0,1114.0,,165.0,600.0,165.0,61.8
2006-01-01,139.5,1.5,13.0,13.0,1.8,8.0,129.0,103.0,399.0,,167.0,241.0,70.0,88.9
2006-01-02,139.5,0.0,0.0,0.0,0.0,0.0,163.0,0.0,183.0,,53.0,51.0,130.0,108.8
2006-01-03,139.5,11.2,4.0,45.0,5.6,5.0,610.0,311.0,347.0,,358.0,457.0,32.0,339.7
2006-01-04,139.5,71.8,287.0,95.0,90.1,120.4,709.0,572.0,770.0,,479.0,278.0,104.8,287.1
2006-01-05,139.5,254.9,156.0,218.0,49.9,110.4,438.0,386.0,987.0,,342.0,524.0,104.8,143.2
2006-01-06,139.5,113.6,254.0,202.0,39.9,111.6,377.0,214.0,471.0,,220.0,314.0,104.8,747.0
2006-01-07,139.5,17.5,57.0,95.0,49.8,56.8,1150.0,125.0,337.0,,319.0,457.0,104.8,299.0
2006-01-08,139.5,123.0,150.0,177.0,15.9,182.0,900.0,216.0,551.0,,451.0,226.0,104.8,212.9
2006-01-09,139.5,31.8,102.0,144.0,27.5,128.4,206.3,486.0,796.0,,487.0,257.0,104.8,733.5
2006-01-10,139.5,178.0,122.0,141.0,88.1,104.7,372.0,541.0,1083.0,,850.0,561.0,104.8,788.2
2006-01-11,139.5,104.4,133.0,220.0,91.1,133.6,277.0,469.0,1274.0,,513.0,633.0,104.8,609.9
2006-01-12,139.5,0.0,14.0,0.0,0.0,3.7,84.0,209.0,482.0,,184.0,562.0,104.8,0.0
2007-01-01,139.5,0.0,0.0,5.0,0.0,4.0,48.0,151.0,352.0,,91.0,131.0,104.8,0.0
2007-01-02,139.5,0.5,4.6,0.0,0.0,0.0,10.0,4.0,16.0,,44.0,26.0,104.8,0.0
2007-01-03,139.5,75.0,125.0,165.0,33.0,21.0,102.0,130.0,101.0,,94.0,109.0,104.8,175.7
2007-01-04,139.5,194.1,164.0,180.0,38.5,27.6,333.0,564.0,617.0,,489.0,419.0,104.8,559.8
2007-01-05,139.5,161.0,200.0,193.0,117.1,43.0,215.0,639.0,1018.0,,664.0,492.0,104.8,1065.0
2007-01-06,139.5,97.0,74.0,64.0,48.5,43.0,155.0,185.0,303.0,,293.0,316.0,104.8,243.1
2007-01-07,139.5,120.0,29.0,133.0,80.9,36.0,109.0,157.0,505.0,,295.0,125.0,104.8,150.5
2007-01-08,139.5,247.0,259.0,186.0,112.7,35.9,338.0,394.0,813.0,,509.0,654.0,104.8,713.5
2007-01-09,139.5,229.0,76.0,180.5,119.3,145.0,361.0,233.0,433.0,,520.0,360.0,104.8,314.4
2007-01-10,139.5,219.5,243.0,314.0,218.3,145.0,358.0,445.0,969.0,,1102.0,559.0,104.8,974.2
2007-01-11,139.5,71.0,37.0,97.0,145.6,39.0,60.4,281.0,612.0,,544.0,573.0,104.8,441.3
2007-01-12,139.5,28.9,106.0,57.0,0.0,25.0,148.0,387.0,505.0,,418.0,458.0,71.3,48.0
2008-01-01,139.5,0.0,0.0,0.0,0.0,0.0,31.0,52.0,64.0,,211.0,71.0,71.3,5.0
2008-01-02,139.5,1.0,0.0,10.0,0.0,0.0,56.0,181.0,142.0,,235.0,208.0,0.0,29.5
2008-01-03,139.5,1.0,45.0,24.0,5.1,0.0,47.0,78.0,154.0,,124.0,210.0,17.7,188.8
2008-01-04,139.5,216.3,142.0,120.0,41.6,36.8,125.0,234.0,294.0,,359.0,350.0,114.6,190.6
2008-01-05,139.5,163.9,101.0,133.0,40.6,36.8,241.0,474.0,510.0,,303.0,541.0,144.0,221.3
2008-01-06,139.5,67.5,192.0,134.0,59.2,104.9,142.0,398.0,363.0,,723.0,499.0,67.2,84.6
2008-01-07,139.5,133.0,87.0,117.0,50.3,,225.0,387.0,433.0,,380.0,239.0,161.7,208.0
2008-01-08,139.5,63.9,202.0,144.0,50.0,,257.0,318.0,622.0,,,505.0,214.3,332.4
2008-01-09,139.5,89.4,43.0,96.0,13.9,,273.0,301.0,372.0,,,252.0,140.4,459.3
2008-01-10,139.5,282.1,344.0,353.0,177.0,,418.0,336.0,973.0,,,550.0,262.6,230.2
2008-01-11,139.5,194.1,381.0,297.0,58.0,,294.0,747.0,626.0,,,658.0,439.0,178.8
2008-01-12,139.5,19.3,7.0,0.0,0.0,,134.0,69.0,517.0,,,185.0,6.0,13.2
2009-01-01,139.5,14.0,19.0,35.0,0.0,,110.0,169.0,199.0,,,232.0,53.5,222.6
2009-01-02,139.5,2.5,15.0,0.0,0.0,,109.0,157.0,181.0,,,400.0,25.9,21.4
2009-01-03,139.5,3.5,16.0,0.0,0.0,,147.0,265.0,248.0,,,467.0,110.0,79.2
2009-01-04,139.5,3.0,6.0,0.0,5.0,,151.0,313.0,422.0,,,243.0,33.2,90.3
2009-01-05,139.5,280.8,178.0,278.0,8.0,,252.0,451.0,609.0,,,378.0,93.2,201.5
2009-01-06,139.5,151.7,88.0,165.0,7.0,,183.0,117.0,196.0,,,519.0,155.0,221.4
2009-01-07,139.5,1.0,15.9,117.0,17.0,,204.0,284.0,749.0,,,315.0,21.5,87.7
2009-01-08,139.5,82.0,28.0,64.1,8.0,,184.0,221.0,683.0,,,485.0,204.1,170.2
2009-01-09,139.5,199.0,136.0,160.0,62.2,,124.0,194.0,416.0,,,329.0,54.1,108.6
2009-01-10,139.5,130.7,106.0,146.0,46.0,,177.0,354.0,451.0,,,407.0,123.3,177.8
2009-01-11,139.5,128.0,102.0,105.0,15.0,,161.0,500.0,524.0,,,271.0,120.9,334.8
2009-01-12,139.5,26.0,78.0,60.0,53.0,,29.0,154.0,171.0,,,85.0,0.0,0.0
2010-01-01,139.5,0.0,0.0,0.0,0.0,,0.0,0.0,10.0,,,10.0,0.0,0.0
2010-01-02,139.5,0.0,27.0,0.0,12.0,,70.0,37.0,12.0,,,31.0,25.0,58.5
2010-01-03,139.5,76.0,50.0,150.0,28.0,,141.0,208.0,127.0,,,478.0,49.4,182.3
2010-01-04,139.5,68.1,143.0,120.0,109.0,,257.0,471.0,227.0,,,596.0,176.8,94.9
2010-01-05,139.5,170.1,123.0,137.0,106.0,,215.0,570.0,554.0,,,378.0,235.3,263.8
2010-01-06,139.5,145.0,97.0,160.0,104.0,,208.0,354.0,443.0,,,498.0,195.6,348.3
2010-01-07,139.5,121.5,144.0,205.0,75.5,,309.0,599.2,531.0,,,499.0,244.2,431.4
2010-01-08,139.5,258.3,211.0,233.0,60.2,,437.0,189.0,508.0,,,436.0,389.1,333.9
2010-01-09,139.5,198.3,179.0,227.0,57.7,,509.0,629.0,592.0,,,912.0,277.5,354.1
2010-01-10,139.5,98.5,130.0,210.0,105.0,,159.0,295.0,220.0,,,386.0,333.7,202.3
2010-01-11,139.5,195.2,113.0,58.0,71.0,,403.0,686.0,220.0,,,838.0,273.3,336.1
2010-01-12,54.8,274.0,240.0,22.0,172.0,,334.0,760.0,220.0,,,884.0,58.8,194.8
2011-01-01,0.2,16.5,3.0,3.0,0.0,,75.0,86.0,220.0,,,147.0,10.0,30.6
2011-01-02,0.0,41.5,5.0,0.0,0.0,,100.0,312.0,220.0,,,233.0,134.5,45.0
2011-01-03,0.0,56.5,40.0,26.0,18.0,,132.0,175.0,220.0,,,357.0,103.1,97.0
2011-01-04,3.7,69.0,38.0,30.0,10.0,,257.0,527.0,220.0,,,537.0,257.1,247.9
2011-01-05,118.5,489.2,257.0,305.0,305.0,,354.0,452.0,220.0,,,472.0,156.9,314.5
2011-01-06,23.1,198.5,103.0,196.0,39.0,,,292.0,220.0,,,497.5,105.6,208.2
2011-01-07,135.9,124.0,82.0,160.0,36.0,,,477.0,220.0,,,288.0,214.4,208.2
2011-01-08,111.0,234.0,109.0,271.0,86.0,,,246.0,220.0,,,362.0,90.2,208.2
2011-01-09,83.6,164.3,311.0,313.0,142.0,,,267.0,213.0,,,297.0,291.4,208.2
2011-01-10,229.3,193.0,219.0,188.0,163.7,,,131.0,213.0,,,326.0,186.6,208.2
2011-01-11,218.7,323.5,306.0,356.0,318.0,,,822.0,796.0,,,831.0,315.2,208.2
2011-01-12,17.5,94.5,193.0,47.0,96.0,,,690.0,497.0,,,345.0,92.8,208.2
2012-01-01,0.0,0.5,0.0,0.0,0.0,,,89.0,139.0,,,345.0,16.3,208.2
2012-01-02,0.0,0.0,0.0,0.0,0.0,,,128.0,230.0,,,22.0,0.0,208.2
2012-01-03,0.0,96.0,45.0,90.0,63.0,,,265.0,431.0,,,411.0,0.0,208.2
2012-01-04,23.0,16.7,228.0,209.0,260.0,,,533.0,439.0,,,613.0,355.0,208.2
2012-01-05,11.0,138.4,178.0,193.0,40.0,,,347.0,189.0,,,374.0,175.0,208.2
2012-01-06,11.0,81.3,48.0,85.0,0.0,,,155.0,245.0,,,217.0,245.0,208.2
2012-01-07,11.0,15.0,50.0,100.0,36.0,,,149.0,412.0,,,236.0,100.0,208.2
2012-01-08,91.0,93.2,113.0,154.0,69.0,,,397.0,559.0,,,326.0,475.0,208.2
2012-01-09,34.0,96.0,100.0,83.0,56.0,,,329.0,401.0,,,473.0,190.0,208.2
2012-01-10,115.5,173.0,133.0,215.0,165.0,,,288.0,227.0,,,503.0,325.0,208.2
2012-01-11,29.0,53.6,120.0,130.0,0.0,,,370.0,541.0,,,338.0,222.0,208.2
2012-01-12,0.0,18.0,0.0,27.0,11.0,,,133.0,215.0,,,471.0,0.0,208.2
2013-01-01,0.0,2.0,0.0,0.0,0.0,,,4.0,10.0,,,54.0,0.0,208.2
2013-01-02,0.0,0.5,0.0,0.0,32.0,,,42.0,35.0,,,23.0,0.0,208.2
2013-01-03,29.0,10.8,52.0,65.0,18.0,,,93.0,132.0,,,553.0,17.0,208.2
2013-01-04,24.0,16.7,54.0,27.0,109.0,,,164.0,272.0,,,443.0,213.0,208.2
2013-01-05,84.1,138.4,158.0,239.0,58.0,,,628.0,611.0,,,527.0,205.0,208.2
2013-01-06,87.2,123.9,85.0,198.0,53.0,,,222.0,51.0,,,194.0,125.0,208.2
2013-01-07,34.0,50.0,10.0,175.0,11.0,,,331.0,132.0,,,247.0,110.0,208.2
2013-01-08,96.0,79.6,55.0,76.0,114.4,,,408.0,347.0,,,446.0,235.0,208.2
2013-01-09,158.0,147.5,162.0,216.0,153.0,,,486.0,278.0,,,332.0,260.0,208.2
2013-01-10,245.0,63.6,72.0,370.0,129.0,,,248.0,390.0,,,315.0,260.0,208.2
2013-01-11,17.0,91.2,,115.0,17.0,,,508.0,555.0,,,431.0,130.0,208.2
2013-01-12,0.0,24.0,,65.0,2.0,,,206.0,216.0,,,332.0,30.0,46.3
2014-01-01,,0.0,,0.0,0.0,,,16.0,46.0,,,58.0,0.0,4.0
2014-01-02,,0.0,,0.0,0.0,,,18.0,82.0,,,48.0,15.0,3.0
2014-01-03,,6.3,,75.0,3.0,,,42.0,83.0,,,266.0,70.0,125.3
2014-01-04,,84.5,,211.0,245.0,,,160.0,165.0,,,338.0,85.0,251.3
2014-01-05,,169.0,,98.0,81.0,,,221.0,560.0,,,270.0,115.0,251.3
2014-01-06,,35.0,,40.0,23.0,,,65.0,94.0,,,127.0,45.0,54.7
2014-01-07,,65.0,,50.0,0.0,,,31.0,46.0,,,99.0,0.0,16.7
2014-01-08,,193.0,,170.0,112.0,,,475.0,545.0,,,316.0,105.0,449.9
2014-01-09,,104.0,,340.0,293.0,,,246.0,608.0,,,612.0,65.0,449.9
2014-01-10,,207.0,,340.0,209.0,,,354.0,686.0,,,498.0,475.0,887.6
2014-01-11,,117.0,,115.0,117.0,,,397.0,404.0,,,795.0,319.0,372.6
2014-01-12,,41.0,,110.0,105.0,,,59.0,275.0,,,305.0,0.0,135.8
2015-01-01,,0.0,,50.0,21.0,,,147.0,121.0,,,112.0,0.0,0.0
2015-01-02,,27.0,,35.0,10.0,,,78.0,102.0,,,338.0,68.0,122.6
2015-01-03,,2.0,,0.0,0.0,,,57.0,182.0,,,44.0,33.0,100.8
2015-01-04,,73.0,,215.0,37.0,,,99.0,182.0,,,249.0,85.0,146.5
2015-01-05,,126.0,,72.0,35.0,,,257.0,182.0,,,379.0,82.0,146.5
2015-01-06,,76.0,,30.0,0.0,,,46.0,182.0,,,107.0,20.0,146.5
2015-01-07,,56.0,,90.0,54.0,,,170.0,366.0,,,226.0,15.0,146.5
2015-01-08,,44.0,,145.0,105.0,,,103.0,221.0,,,289.0,105.0,146.5
2015-01-09,,273.0,,175.0,161.0,,,208.0,340.0,,,275.0,87.0,146.5
2015-01-10,,319.0,,160.0,102.0,,,533.0,589.0,,,319.0,215.0,69.5
2015-01-11,,79.0,,86.0,19.0,,,263.0,576.0,,,407.0,0.0,225.1
2015-01-12,,10.0,,5.0,0.0,,,38.0,169.0,,,93.0,0.0,19.2
2016-01-01,,6.0,,30.0,25.0,,,16.0,4.0,,,9.0,15.0,5.0
2016-01-02,,0.0,,0.0,0.0,,,4.0,10.0,,,38.0,0.0,6.5
2016-01-03,,1.0,,30.0,0.0,,,4.0,129.0,,,39.0,0.0,2.7
2016-01-04,,148.4,,173.0,148.0,,,330.0,380.0,,,552.0,93.0,257.1
2016-01-05,,310.5,,259.0,221.0,,,198.0,229.0,,,384.0,80.0,168.3
2016-01-06,,72.0,,115.0,12.0,,,88.0,436.0,,,103.0,60.0,48.3
2016-01-07,,79.0,,111.0,18.0,,,132.0,306.0,,,371.0,175.0,91.8
2016-01-08,,125.0,,188.0,90.0,,,97.0,347.0,,,388.0,201.0,170.5
2016-01-09,,138.0,,196.0,157.0,,,144.0,648.0,,,301.0,139.0,195.9
2016-01-10,,301.0,,356.0,250.0,,,274.0,446.0,,,625.0,267.0,355.4
2016-01-11,,295.0,,83.0,193.0,,,417.0,446.0,,,520.0,396.0,478.0
2016-01-12,,83.0,,73.0,73.0,,,218.0,695.0,,,335.0,180.0,78.9
2017-01-01,,2.0,,0.0,0.0,,,97.0,114.0,,,308.0,0.0,0.0
2017-01-02,,0.0,,50.0,47.0,,,34.0,141.0,,,68.0,25.0,1.3
2017-01-03,,179.0,,222.0,89.0,,,454.0,129.0,,,465.0,91.0,156.0
2017-01-04,,219.0,,94.0,139.0,,,403.0,432.0,,,516.0,58.0,198.3
2017-01-05,,478.0,,340.0,288.0,,,283.0,817.0,,,690.0,419.0,413.4
2017-01-06,,140.0,,196.0,261.0,,,251.0,417.0,,,409.0,283.0,159.1
2017-01-07,,74.0,,230.0,217.0,,,148.0,216.0,,,292.0,304.0,177.3
2017-01-08,,125.0,,51.0,52.0,,,456.0,248.0,,,494.0,248.0,175.9
2017-01-09,,167.0,,181.0,100.0,,,414.0,518.0,,,466.0,348.0,330.0
2017-01-10,,235.0,,302.0,236.0,,,321.0,,,,372.0,187.0,294.9
2017-01-11,,128.0,,120.0,126.0,,,383.0,,,,535.0,234.0,287.3
2017-01-12,,5.0,,0.0,5.0,,,108.0,,,,313.0,22.0,136.4
2018-01-01,,11.0,,25.0,0.0,,,40.0,,,,368.0,88.5,63.1
2018-01-02,,0.0,,0.0,0.0,,,5.0,,,,100.0,0.0,0.0
2018-01-03,,22.0,,30.0,89.0,,,157.0,,,,432.0,113.5,127.6
2018-01-04,,10.0,,159.0,274.0,,,372.0,,,,414.0,222.0,196.4
2018-01-05,,112.0,,244.0,198.0,,,244.0,,,,467.0,270.0,229.4
2018-01-06,,25.0,,87.0,0.0,,,201.0,,,,148.0,145.0,119.4
2018-01-07,,36.0,,20.0,76.0,,,152.0,,,,137.0,160.0,120.3
2018-01-08,,125.0,,107.0,119.0,,,72.0,,,,216.0,55.0,224.3
2018-01-09,,68.0,,155.0,226.0,,,593.0,,,,375.0,292.0,349.6
2018-01-10,,228.0,,315.0,233.0,,,900.0,,,,926.0,330.0,391.3
2018-01-11,,0.0,,117.0,103.0,,,569.0,,,,764.0,60.0,47.0
2018-01-12,,0.0,,0.0,0.0,,,8.0,,,,68.0,0.0,4.5
2019-01-01,,0.0,,0.0,0.0,,,11.0,,,,163.0,10.0,13.0
2019-01-02,,0.0,,0.0,0.0,,,1.0,,,,8.0,0.0,4.9
2019-01-03,,0.0,,15.0,8.0,,,279.0,,,,393.0,45.0,100.9
2019-01-04,,13.0,,110.0,74.0,,,314.0,,,,621.0,247.0,148.6
2019-01-05,,201.0,,133.0,261.0,,,589.0,,,,576.0,477.0,267.1
2019-01-06,,67.0,,142.0,58.0,,,238.0,,,,504.0,114.0,118.4
2019-01-07,,28.0,,0.0,203.0,,,216.0,,,,154.0,160.0,251.4
2019-01-08,,126.0,,98.0,118.0,,,171.0,,,,160.0,260.0,126.3
2019-01-09,,149.0,,138.0,200.0,,,295.0,,,,268.0,466.0,136.9
2019-01-10,,200.0,,193.0,314.0,,,389.0,,,,580.0,558.0,356.0
2019-01-11,,0.0,,0.0,8.0,,,367.0,,,,305.0,185.0,138.5
2019-01-12,,0.0,,15.0,20.0,,,138.0,,,,183.0,0.0,32.8
2020-01-01,,35.0,,30.0,52.0,,,10.0,,,,37.0,0.0,60.9
2020-01-02,,0.0,,0.0,0.0,,,6.0,,,,29.0,0.0,45.0
2020-01-03,,0.0,,0.0,13.0,,,49.0,,,,76.0,20.0,28.7
2020-01-04,,15.0,,94.0,29.0,,,212.0,,,,225.0,158.0,52.5
2020-01-05,,325.0,,161.0,193.0,,,133.0,,,,244.0,250.0,199.5
2020-01-06,,248.0,,161.0,190.0,,,161.0,,,,366.0,177.0,178.2
2020-01-07,,89.0,,37.0,121.0,,,255.0,,,,321.0,227.0,203.4
2020-01-08,,118.0,,202.0,274.0,,,415.0,,,,455.0,419.0,261.4
2020-01-09,,177.0,,120.0,216.0,,,397.0,,,,203.0,378.0,271.3
2020-01-10,,229.0,,223.0,219.0,,,370.0,,,,421.0,649.0,304.9
2020-01-11,,236.0,,222.0,249.0,,,424.0,,,,364.0,368.0,239.2
2020-01-12,,5.0,,0.0,26.0,,,267.0,,,,358.0,145.0,36.6
2021-01-01,,0.0,,0.0,0.0,,,112.0,,,,129.0,0.0,1.8
2021-01-02,,35.0,,11.0,100.0,,,33.0,,,,61.0,34.0,5.3
2021-01-03,,0.0,,14.0,0.0,,,175.0,,,,382.0,95.0,27.7
2021-01-04,,133.0,,157.0,117.0,,,380.0,,,,674.0,342.0,167.9
2021-01-05,,58.0,,142.0,173.0,,,380.0,,,,714.0,394.0,178.2
2021-01-06,,150.0,,89.0,196.0,,,431.0,,,,480.0,370.0,182.1
2021-01-07,,114.0,,108.0,156.0,,,330.0,,,,368.0,319.0,202.8
2021-01-08,,164.0,,212.0,252.0,,,451.0,,,,796.0,553.0,394.4
2021-01-09,,122.0,,102.0,13.0,,,462.0,,,,412.0,635.0,296.1
2021-01-10,,214.0,,307.0,356.0,,,245.0,,,,932.0,525.0,273.3
2021-01-11,,11.0,,81.0,34.0,,,402.0,,,,437.0,330.0,123.0
2021-01-12,,16.0,,23.0,43.0,,,132.0,,,,468.0,42.0,52.5
