<?xml version="1.0" encoding="UTF-8"?>
<metadata xml:lang="en"><Esri><CreaDate>20211027</CreaDate><CreaTime>07114500</CreaTime><ArcGISFormat>1.0</ArcGISFormat><SyncOnce>TRUE</SyncOnce><DataProperties><lineage><Process ToolSource="c:\program files (x86)\arcgis\desktop10.2\ArcToolbox\Toolboxes\3D Analyst Tools.tbx\CreateTin" Date="20211027" Time="071145">CreateTin "D:\OneDrive - ESCUELA COLOMBIANA DE INGENIERIA JULIO GARAVITO\R.GitHub\R.HydroTools\DisenoEstructuraEscalonadaFlujoRasante\MDT\TIN" PROJCS['MAGNA_Colombia_Bogota',GEOGCS['GCS_MAGNA',DATUM['D_MAGNA',SPHEROID['GRS_1980',6378137.0,298.257222101]],PRIMEM['Greenwich',0.0],UNIT['Degree',0.0174532925199433]],PROJECTION['Transverse_Mercator'],PARAMETER['False_Easting',1000000.0],PARAMETER['False_Northing',1000000.0],PARAMETER['Central_Meridian',-74.07750791666666],PARAMETER['Scale_Factor',1.0],PARAMETER['Latitude_Of_Origin',4.596200416666666],UNIT['Meter',1.0]] "NubePuntos Shape.Z Mass_Points &lt;None&gt;" DELAUNAY</Process></lineage></DataProperties></Esri></metadata>
