<?xml version="1.0" encoding="UTF-8"?>
<metadata xml:lang="en"><Esri><CreaDate>20211027</CreaDate><CreaTime>08241200</CreaTime><ArcGISFormat>1.0</ArcGISFormat><SyncOnce>TRUE</SyncOnce><DataProperties><lineage><Process Name="Select" ToolSource="c:\program files (x86)\arcgis\desktop10.2\ArcToolbox\Toolboxes\Analysis Tools.tbx\Select" Date="20211027" Time="082412">Select GIS$_Layer D:\R.HydroTools\DisenoEstructuraEscalonadaFlujoRasante\SHP\NubePuntos.shp #</Process><Process Name="Delete Identical" ToolSource="c:\program files (x86)\arcgis\desktop10.2\ArcToolbox\Toolboxes\Data Management Tools.tbx\DeleteIdentical" Date="20211027" Time="082412">DeleteIdentical D:\R.HydroTools\DisenoEstructuraEscalonadaFlujoRasante\SHP\NubePuntos.shp CX;CY;CZ # 0</Process></lineage></DataProperties></Esri></metadata>
