<?xml version="1.0" encoding="UTF-8"?>
<metadata xml:lang="en"><Esri><CreaDate>20211027</CreaDate><CreaTime>08241300</CreaTime><ArcGISFormat>1.0</ArcGISFormat><SyncOnce>TRUE</SyncOnce><DataProperties><lineage><Process Name="TIN Domain" ToolSource="c:\program files (x86)\arcgis\desktop10.2\ArcToolbox\Toolboxes\3D Analyst Tools.tbx\TinDomain" Date="20211027" Time="082413">TinDomain D:\R.HydroTools\DisenoEstructuraEscalonadaFlujoRasante\MDT\TIN D:\R.HydroTools\DisenoEstructuraEscalonadaFlujoRasante\SHP\TINDomain.shp POLYGON</Process></lineage></DataProperties></Esri></metadata>
