station,bestfit_pdf,n,norm_pdiff,lognorm_pdiff,gumbel_l_pdiff,gumbel_r_pdiff,gamma_pdiff,pearson3_pdiff,logpearson3_pdiff,dweibull_pdiff,kappa4_pdiff
11047040,logskewnorm,17,-16.2,-9.8,-25.52,-10.46,-21.62,-12.43,-7.09,-21.22,-14.44
13057010,logjohnsonsu,17,10.22,12.81,2.68,14.02,10.63,14.24,10.63,5.45,39.68
14019030,loggenlogistic,16,-23.81,24.61,-42.46,-14.09,-65.7,-12.85,-2.49,-52.03,-5.78
15015120,logjohnsonsu,19,-29.39,38.32,-45.03,-20.1,-21.02,-19.44,-39.79,-17.59,1.34
15067020,invgamma,15,-26.7,7.57,-43.68,-17.34,-16.21,-17.48,-7.24,-32.14,-15.17
15085050,logjohnsonsu,19,-2.67,40.78,-12.56,1.51,-13.12,0.28,13.29,-9.4,16.37
16015110,johnsonsu,20,-24.38,30.07,-42.1,-14.39,-10.19,-12.56,-30.74,-4.23,-0.74
16015120,logburr12,15,-62.15,-59.99,-92.22,-43.49,-75.14,-37.81,-25.46,-179.74,-28.55
16015130,logcrystalball,18,34.29,84.79,25.82,39.86,35.47,32.48,29.19,36.84,30.01
16055120,arcsine,15,6.61,25.24,-0.75,8.61,6.71,6.5,27.49,-5.21,4.22
16057030,hypsecant,16,-0.5,20.42,-7.05,3.16,0.2,1.38,-11.14,5.47,9.99
21015050,maxwell,15,-1.93,2.39,-7.81,1.54,0.94,0.6,0.76,-3.63,8.64
21015060,loggenlogistic,18,1.75,13.21,-4.26,5.02,2.08,1.33,2.89,5.21,4.22
21015070,logjohnsonsu,20,-5.56,12.72,-12.48,-1.35,-5.36,-5.36,-15.91,-2.7,-6.31
21055070,johnsonsu,19,6.32,47.87,-0.27,9.28,8.48,3.04,36.56,15.17,9.37
21097070,logkstwobign,19,-105.41,-63.34,-150.68,-77.59,-171.93,-67.38,-38.29,-29.7,-48.17
21115170,genlogistic,20,4.39,39.33,-2.28,7.01,5.38,2.04,17.14,5.35,-8.84
21185090,logcrystalball,21,100,100,100,100,100,100,100,100,100
21195170,loginvweibull,21,-15.38,-12.47,-21.93,-11,-8.37,-12.68,-10.68,-17.67,-13.72
21195190,logexponpow,20,-5.45,-1.82,-12.66,-1.18,4.51,-1.96,0.47,-9.6,1.03
21197010,pearson3,17,1.8,28.11,-4.63,5.09,2.72,0,-3.11,5.95,-7.41
21205012,gausshyper,16,-2.73,-2.13,-7.44,0.26,-13.92,0.05,1,-3.9,6.4
21206600,exponweib,17,-50.93,-37.61,-78.14,-35.19,-153.32,-31.93,-14.13,-127.07,-25.79
21206790,arcsine,19,3.9,5.83,-0.37,6.38,20,5.26,6.5,5.17,9.44
21206920,logburr,18,-0.02,4.35,-5.39,3.19,2.12,1.64,2.13,3.77,9.41
21206930,anglit,20,0.78,4.11,-3.69,3.5,1.57,1.31,2.04,7.46,6.13
21206950,logtruncweibull_min,18,3.89,6.03,-1.26,6.91,9.71,6.07,7.58,2.78,5.14
21206960,gennorm,16,2.35,4.22,-4.02,5.97,10.91,6.5,6.36,-1.15,19.83
21206980,nct,19,-1.84,8.28,-8.34,1.85,-0.32,-0.09,-2.84,-1.87,5.23
21206990,dweibull,20,2.4,44.28,-5.38,6.1,5.19,5.18,-12.46,0,14.68
21209920,logjohnsonsb,21,-8.2,-9.09,-20.45,-1.94,2.3,-0.69,0.16,-21.78,28.46
21215160,johnsonsu,20,-0.19,15.38,-7.76,3.95,1.74,3.72,-3.01,4.56,17.66
21215180,gennorm,19,-3.22,44.13,-11.1,1.21,-2.3,-1.73,-16.52,3.63,1.85
21215190,logcrystalball,20,1.73,9.65,-3.05,4.62,2.81,-0.81,-0.68,3.5,-6.08
21235030,logdgamma,21,-25.65,-7.26,-38.46,-17.84,-16.4,-19.53,-16.82,-28.31,-16.88
21255160,logjohnsonsu,18,-20.82,25.13,-32.95,-13.55,-16.55,-14.7,-38.34,-23.59,-5.03
21255170,logalpha,18,-15.26,-4.74,-25.18,-9.45,-6.73,-10.4,-7.78,-16.89,1.01
21257120,johnsonsb,16,4.05,4.15,-8.04,9.48,-1679.43,7.36,1.79,-37.95,13.15
22057010,vonmises_line,20,17.38,17.47,12.09,20.08,18.03,20.57,19.39,16.51,30.32
23035030,dweibull,18,5.26,11.89,-1.21,8.71,12.3,7.51,9.91,0,13.66
23037010,logweibull_max,18,4.69,31.36,-3.03,6.96,6.78,5.45,27.95,-1.96,-2.16
23050420,dweibull,15,-10.58,21.04,-21.02,-5.04,-4.63,-6.92,-8.25,0,-7.36
23065180,gennorm,21,3.04,33.2,-6.33,7.72,9.07,7.23,7.53,9.27,14.08
23065190,t,19,16.23,48.3,3.25,22.45,8.99,21.73,29.52,-1.27,42.2
23105070,rayleigh,19,-3.42,39.15,-13.74,0.98,11.54,1.12,2.2,-6.08,21.57
23125160,f,19,-5.55,-3.74,-12.54,-1.33,-0.85,-0.88,-0.51,-9.99,11.44
23125170,gennorm,17,1.1,22.86,-6.36,5.24,2.71,3.24,-6.74,4.89,9.3
23195230,mielke,18,21.77,44.25,11.83,27.13,11.29,24.64,40.22,19.06,21.04
24015110,kappa3,20,-5.32,-3.68,-14.96,-0.02,2.98,1.25,1.14,-14.48,27.67
24025090,logloglaplace,21,-15.69,-8.62,-22.99,-10.86,-13.59,-14.07,-13.74,-13.43,-10.6
24035360,johnsonsu,21,-2.12,-1.5,-8.6,1.82,1.44,2.97,1.65,-4.84,17.56
24035370,gennorm,20,-1.65,10.02,-7.09,1.67,-0.55,-5.19,-6.47,2.13,-10.15
24035390,logdgamma,20,7.53,4.2,1.46,10.93,11.61,11.67,10.57,-2.82,38.49
24035410,logt,18,4.18,2.69,-2.7,8.25,-2.95,9.31,9.56,4.38,22.92
