<?xml version="1.0" encoding="UTF-8"?>
<metadata xml:lang="en"><Esri><CreaDate>20211027</CreaDate><CreaTime>08241300</CreaTime><ArcGISFormat>1.0</ArcGISFormat><SyncOnce>TRUE</SyncOnce><DataProperties><lineage><Process Name="TIN to Raster" ToolSource="c:\program files (x86)\arcgis\desktop10.2\ArcToolbox\Toolboxes\3D Analyst Tools.tbx\TinRaster" Date="20211027" Time="082413">TinRaster D:\R.HydroTools\DisenoEstructuraEscalonadaFlujoRasante\MDT\TIN D:\R.HydroTools\DisenoEstructuraEscalonadaFlujoRasante\MDT\MDT.tif FLOAT LINEAR "CELLSIZE 0.5" 1</Process></lineage></DataProperties></Esri></metadata>
