<PAMDataset>
  <Metadata />
  <Metadata domain="Esri">
    <MDI key="PyramidResamplingType">NEAREST</MDI>
  </Metadata>
  <PAMRasterBand band="1">
    <Histograms>
      <HistItem>
        <HistMin>0.3500356376171112</HistMin>
        <HistMax>14.66130352020264</HistMax>
        <BucketCount>256</BucketCount>
        <IncludeOutOfRange>1</IncludeOutOfRange>
        <Approximate>0</Approximate>
        <HistCounts>160|160|160|160|160|160|160|160|160|160|160|100|0|0|0|0|0|0|0|0|0|0|0|0|0|0|0|0|0|120|0|0|0|0|0|0|0|0|0|0|0|0|0|0|0|0|0|120|0|0|0|0|0|0|0|0|0|0|0|0|0|0|0|0|0|100|0|0|0|0|0|0|0|0|0|0|0|0|0|0|0|0|120|5394|58|0|0|58|0|0|58|0|0|58|0|0|0|58|0|0|178|0|0|58|0|0|58|0|0|58|0|0|58|0|0|58|0|0|178|0|0|58|0|0|58|0|0|58|0|0|58|0|0|58|0|0|178|0|0|58|0|0|0|58|0|0|58|0|0|58|0|0|58|0|100|58|0|0|58|0|0|58|0|0|58|0|0|58|0|0|58|120|0|58|0|0|58|0|0|58|0|0|58|0|0|0|58|0|0|218|140|160|198|160|140|218|140|160|198|160|140|118|0|0|58|0|0|58|0|0|58|0|0|58|0|0|58|0|0|58|0|0|58|0|0|58|0|0|58|0|0|0|58|0|0|58|0|0|58|0|0|58|0|580|464|406|464|406|464|406|464|406|464|406|464|0</HistCounts>
      </HistItem>
      <HistItem>
        <HistMin>0</HistMin>
        <HistMax>-1</HistMax>
        <BucketCount>1</BucketCount>
        <IncludeOutOfRange>1</IncludeOutOfRange>
        <Approximate>0</Approximate>
        <HistCounts>0</HistCounts>
      </HistItem>
    </Histograms>
    <Metadata>
      <MDI key="STATISTICS_MINIMUM">0.35003563761711</MDI>
      <MDI key="STATISTICS_MAXIMUM">14.661303520203</MDI>
      <MDI key="STATISTICS_MEAN">8.6949646886927</MDI>
      <MDI key="STATISTICS_STDDEV">4.717156013722</MDI>
      <MDI key="STATISTICS_SKIPFACTORX">1</MDI>
      <MDI key="STATISTICS_SKIPFACTORY">1</MDI>
      <MDI key="STATISTICS_EXCLUDEDVALUES"></MDI>
      <MDI key="STATISTICS_COVARIANCES">22.2515608577938</MDI>
    </Metadata>
  </PAMRasterBand>
</PAMDataset>
