tr,prob_l,prob_g,alpha,anglit,arcsine,argus,beta,betaprime,bradford,burr,burr12,cauchy,chi2,cosine,crystalball,dgamma,dweibull,erlang,expon,exponnorm,exponpow,exponweib,f,fatiguelife,fisk,foldcauchy,foldnorm,gamma,gausshyper,genexpon,genextreme,gengamma,genhalflogistic,genhyperbolic,geninvgauss,genlogistic,gennorm,genpareto,gibrat,gompertz,gumbel_l,gumbel_r,halfcauchy,halfgennorm,halflogistic,halfnorm,hypsecant,invgamma,invgauss,invweibull,johnsonsb,johnsonsu,kappa3,kappa4,ksone,kstwobign,laplace,laplace_asymmetric,levy,levy_l,loggamma,logistic,loglaplace,lognorm,loguniform,lomax,maxwell,mielke,moyal,nakagami,ncf,nct,ncx2,norm,pareto,pearson3,powerlaw,powerlognorm,powernorm,rayleigh,rdist,recipinvgauss,rel_breitwigner,rice,semicircular,skewcauchy,skewnorm,t,trapezoid,triang,truncexpon,truncnorm,truncpareto,truncweibull_min,tukeylambda,uniform,vonmises,vonmises_line,wald,weibull_max,weibull_min,wrapcauchy,logalpha,loganglit,logarcsine,logargus,logbeta,logbetaprime,logbradford,logburr,logburr12,logcauchy,logchi2,logcosine,logcrystalball,logdgamma,logdweibull,logerlang,logexpon,logexponnorm,logexponpow,logexponweib,logf,logfatiguelife,logfisk,logfoldcauchy,logfoldnorm,loggausshyper,loggenexpon,loggenextreme,loggengamma,loggenhalflogistic,loggenhyperbolic,loggeninvgauss,loggenlogistic,loggennorm,loggenpareto,loggibrat,loggompertz,loggumbel_l,loggumbel_r,loghalfcauchy,loghalfgennorm,loghalflogistic,loghalfnorm,loghypsecant,loginvgamma,loginvgauss,loginvweibull,logjohnsonsb,logjohnsonsu,logkappa3,logkappa4,logksone,logkstwobign,loglaplace_asymmetric,loglevy,loglevy_l,logloggamma,loglogistic,logloglaplace,loglognorm,logloguniform,loglomax,logmaxwell,logmielke,logmoyal,lognakagami,logncf,lognct,logncx2,lognorminvgauss,logpareto,logpearson3,logpowerlaw,logpowerlognorm,logpowernorm,lograyleigh,logrdist,logrecipinvgauss,logrel_breitwigner,logrice,logsemicircular,logskewcauchy,logskewnorm,logt,logtrapezoid,logtriang,logtruncexpon,logtruncnorm,logtruncpareto,logtruncweibull_min,logtukeylambda,logvonmises,logvonmises_line,logwald,logweibull_max,logweibull_min,logwrapcauchy,station,n,risk_rate,norminvgauss
2.0,0.5,0.5,22.582329680922896,23.700000000000003,23.70000054276791,25.87353996083349,40.14789285065885,23.27105456010341,16.445626620705394,4.011212284917964,23.947221109104397,21.79645477490321,22.986943421606156,23.26712471571128,23.7000000856135,20.500000000000007,26.850568340836865,23.475719051888518,16.45827346121471,23.69993568342858,0.13976996151316645,3.7105196561932616,10.134359115859752,23.55363852802452,15.599604167025886,22.065337007149285,25.489406884789823,23.435385661805697,25.35796064562088,15.45620871089945,32.087724394490884,7.019492511210032,29.346941299046023,24.254247149320918,23.156883728504823,23.99191514528533,22.250037322745527,31.202280573296026,19.133713151380064,33.535898529329216,26.19917339701385,21.200826602986147,20.693972745960178,11.835584786625882,19.958380795205603,20.586020817085213,23.7,0.10000000000000082,22.342687671394174,726.3095576747082,44.33519223333473,25.125533169790145,0.09999669358296198,22.397233573221442,23.7,20.509352167188254,23.7,22.20202531374708,16.17789871743332,32.24557176185691,8.449066698506629,23.7,8.98723539356816,8.98723539356816,2.107130750570548,16.42464956262321,22.398930044226365,15.350374264067543,20.39400975372526,10.980533345105671,23.408953521024046,0.10000000000000295,5.0082959569572285,23.7,3.1677816827033496,24.12382459556033,0.19266897052335547,inf,25.080827862121424,21.937480017701525,-3.773734240763759,23.060661406137484,27.2977909014403,22.948449597807993,23.700000000000863,23.138569387032398,27.076844915360653,23.700506654246798,25.826865655932636,27.469600422636358,18.74034336291005,-24.917100096884568,3.3269815444330817,21.358166184181634,22.29739331447493,22.25,0.1996998691550722,22.08173894815046,18.76874915364222,43.99505513996266,23.94442786731839,22.24999279162244,8.198757503457157,8.987235393568168,8.98718908308835,16.683655126401405,44.39991614925205,0.10152195891766921,3.413827736363132,0.47023012991273916,114310653787.77615,25.628811126048607,0.1780404285871151,5.8182031515393335,8.987235795418355,20.499999999999993,20.50000000000001,0.10106060676097905,2.2602185492200606,8.987012812166245,0.11439501971077028,0.7825843218419744,0.28529956270334683,0.10000023192736454,0.49813409912099077,26.073428501965008,10.13594924953202,24.619869582423302,3.5945906218584525,11.142896552442958,0.10000013010468158,5.476122493222834,8.653083521749307,8.426788557102665,inf,20.499999999517534,1.344443169414553,4.542476495460907,13.70576095680497,13.056078082053716,6.186421336620796,7.682759010032594,1.309743882039349,5.13826058875311,5.643497601883512,8.98723539356816,8.016292389693167,7.49541437716133,5.213464057699873,43.56625620427605,44.39986542798263,9.847533658918967e+18,3.478715166523423,2.107130750570548,4.910880594548052,14.692512187270559,3.122194574738339,29.95821655339209,14.568784163017702,8.98723539356816,0.5387708740748014,104.77639682193428,10.847475767461413,2.9452662525475235,7.399318863135776,0.10114555430360435,5.48378252411919,8.910821176402816,1.0225179960373558,8.974355156726606,0.40083327463691837,28.63072045219222,0.18590761779793702,15.108456902924221,0.10342985030967684,inf,13.396418701265311,6.906331296109353,0.10000921296327342,9.044128407719043,25.557563714907367,8.984257459792087,8.987235393569321,25.260297971355893,6.815247434705294,25.545604180791223,10.741723212621888,3.857597119450596,1.418527974832105,8.072889084440897,0.15931045426358717,2.1290728355657245,0.09999999999999998,0.05908527772343998,17.78401669815613,4.301416814413334,8.843604095194095,0.22340031070166896,2.107130750570549,2120000104,5,0.75,18.6524952455635
2.33,0.5708154506437768,0.4291845493562232,25.337971009630394,26.862105375782942,28.446846357649896,28.665824028474,41.781452845036256,26.025312035393654,19.553721550292337,7.872820616342413,26.670075221630597,23.93178314178884,25.768341937091066,26.054094055164242,26.414679293505014,21.98203959133053,32.591922101560016,26.209023159490414,20.062491114831577,26.414610802364173,0.2091687287532153,5.8410397947358295,15.147551985021579,26.28973278284184,22.740077244876183,24.074658156483245,27.121686722191967,26.165306947938518,28.579293052716515,19.53944572304107,34.78803296075212,11.046468788068662,32.39002792680156,26.928399296627887,25.897827973097208,26.593414064707243,22.250037322745527,34.30524549176281,20.50886452981078,34.95869700341484,28.56097746301958,23.71628117576796,25.873065735738532,15.97325234716023,22.544661689197397,23.515865427378912,25.872555580036465,0.10000000000000174,25.14455890679504,21149.4412184752,44.377545577898694,27.775109824118275,0.09999669358296198,25.65456658129279,27.431806276810473,23.600490091282303,25.342799089018992,24.2831834750155,23.766675575146728,36.00140695729118,12.985098023515222,26.09182088146882,11.487813617413538,13.48336284069804,3.2446443723561624,20.021830574224023,25.219296126748173,18.954450973321435,22.775207418815505,15.092054091233829,27.990446535268457,0.10000000000000998,6.268009758778482,26.41467913038132,5.788945625042868,26.82131833420803,0.40128048364357977,inf,27.721135511304475,24.79956683718389,1.5833686351903036,25.814652426969445,29.673063838505975,25.767788430390667,27.091410173561208,25.32621363097247,29.841372184124914,26.41514028223792,28.95172317811801,30.268317501133406,21.84211992381605,-19.668967399926476,4.845313426597631,24.443861250653633,25.55180904055578,25.387124463519314,0.4299101802878502,25.242672416339037,20.548791454809454,44.22117700937396,26.66749964863488,26.682002595738375,12.595452788554187,14.415657079306476,18.267332611209177,20.015131300792255,44.39999950615739,0.10481702733280945,5.628563231229122,1.039374518592295,3.593943580613833e+104,28.343243821183545,0.22130827814079035,8.999015085335026,13.48336403968356,20.96721538971371,23.17198422750597,0.10271285191333647,4.492730201037326,13.483075771994724,0.12801871837445322,4865.867110894282,0.4930468748844364,0.1095025773785544,1.3867647824721199,28.872242035232496,13.48924642114662,30.600677149505657,6.925903992098018,16.12475767354352,0.10000228672540314,8.193782778011826,12.215219653932092,13.017927239516974,inf,21.673256692189263,2.4521365102577097,5.578705522052652,17.66767360743897,18.581664990161332,9.009126847619818,22.892758761169024,2.7324675005268277,7.562335501858442,8.743443631599659,12.43416179674518,12.215700178392582,11.87407948249589,8.672553626450872,44.32221510794174,44.39996230925193,7.922956357743697e+166,5.438268441526146,3.537221260841248,8.643380001924758,18.15164632511608,15.838744908766698,33.834005381503516,18.031451479293214,12.84830916880732,1.0679686111312294,1.7038689944819442e+56,13.710857616950422,6.206070572127162,11.277751463105481,0.10359041561569213,7.827276568764582,13.371998885228654,3.2766114494351606,13.48215327648322,0.6188717588257535,32.13700965957665,0.316401947738094,21.400546919315584,0.10953180945199356,inf,17.509578344027133,10.592151623029174,0.10001070649006302,13.870479936908891,28.30142700353971,13.478486489258925,14.918165855983915,28.291765212543982,9.191122935547387,28.24698617008288,17.134247768597074,5.777197471018859,2.180400836021421,12.408979223981698,0.19865080075412073,3.194069277995316,0.09999999999999998,0.06365132907805542,23.802818466278406,5.612149328467857,13.999833801660937,0.3103521073510273,7.128897109301798,2120000104,5,0.7292085003076647,20.72300799834393
5.0,0.8,0.2,36.070070582020605,38.01874249769177,41.10497238807151,37.372277442466356,44.16156396158668,36.45379504947141,31.39656566720006,44.84808527827256,36.58024469793291,34.78847754123059,36.48112257302577,36.09732912320074,36.503159144687125,30.861650745332703,41.52150696291888,36.50260776582223,38.08273473344477,36.50307546141897,2.2433357124675526,27.292527011372147,53.179571224750546,36.57133282903487,97.88144126070988,36.70625280464748,34.02438645214285,36.44448034421714,38.17009880970306,39.953837525979594,41.121536664899295,53.616870591465,40.07748398842683,36.574365852751285,36.31852313374338,36.63376412971692,22.250037322745527,41.75693773830352,28.425975865642897,39.79940967698094,36.19096760897278,34.64455644329103,63.48173088527748,44.622173283505816,34.24707932040628,35.90579829113321,34.58717857864939,0.10000000000007041,36.23093301752634,48595619054.456375,44.399564038343044,36.87839597118243,0.09999669358296198,36.041027147082566,39.509288409033466,36.73096837930361,33.556409543662475,34.68848656132813,127.2790754460567,42.223948084629505,65.96878392793448,35.32697278704486,39.19843390817741,60.883731412784265,13.119170493701278,38.0089059082499,36.320039090412635,32.47425512504574,33.80513406302373,36.45219249283605,49.461425525103294,0.10000000000445777,12.375177212278414,36.50315869351465,109.96345558643569,36.61104206236249,6.17865157940391,inf,36.86674116140557,36.257760350712815,15.866657519562187,36.414013601614386,38.50485515631335,36.51616536712342,38.66489120984414,38.4327964684848,37.893207992311645,36.503450801934655,37.91674026089038,38.2976584360205,32.96396014513408,-0.32075228541993184,15.93366077576542,34.75218314749999,35.97537277080045,35.54,1.3320064483954963,35.47265269897155,30.51349916560297,44.394868294861936,36.57950274165254,37.79908588162509,65.05461008301094,76.35838752102855,121.09793959542131,32.76142116431065,44.40000000000007,0.2814541501995519,28.39195697347553,5330.268516805345,inf,47.28698353531552,0.8169028840122743,43.325784242089036,60.88374682971534,39.95901129192312,100.62889317374706,0.13730259598262223,139.39267075354724,60.88322160849541,0.440641124858535,inf,505.64283657653954,0.7531486103537631,4677321.895082918,49.87807753377214,39.017837151564116,42.73752447531062,138.6803711757832,34.158372575118655,2.0127698264997083,23.363931731515994,52.87296971167941,67.94935065925819,inf,36.14725566574575,14.36714121189477,18.21025820265261,40.35728870741244,58.10871553479838,46.11956609094653,63536.79124378254,215.73914846213998,43.46087181722376,55.68461972836842,45.72583160764738,60.47815699085433,71.63464104749521,79.13354780516474,44.39998883728609,44.39999966721561,inf,19.946356137665067,18.91251799682571,95.41505017836656,31.110228453435433,66010943806.26972,41.389743364925984,31.047344592113795,51.07064890779235,45348.025431257505,inf,29.554432999604565,257.75173476406155,59.240335881495305,0.2632074079804238,40.68271879833693,60.450127493212996,6220018.276195869,61.25250439994829,5.960037629088708,40.346333733799185,562558792.8908249,59.403546756693096,0.3139153858801454,inf,42.211390713689404,58.690835420864026,0.10001533676599866,70.58696326957815,43.04290708985621,60.85485612621855,84.09870030164602,36.96543011774003,21.96197345763989,47.39148284966617,65.4123485418971,18.40473718789328,9.886721009064917,62.751415663706155,0.946025941481917,12.371092021874041,0.10000000000000002,0.08409448456651342,73.95719100415704,24.877071341333703,33.91957805024201,3.0831441438344713,28.829783758297054,2120000104,5,0.6723199999999999,32.56124527286114
10.0,0.9,0.1,43.64874506136732,44.33353312755723,44.16077207723825,41.426181702230565,44.37267247388557,43.54079570921323,37.54976507474239,83.18358867130739,42.92290201213703,50.847500845636105,43.91924106035148,42.16510531618597,43.195597251593064,39.35459351796787,46.55463267117581,43.4498497542117,54.44100819465948,43.19550349333951,9.332308496369922,67.50256019917822,107.18890874146003,43.49142857944901,287.30294981295765,60.47382720622946,39.132228178449935,43.38054768483897,41.74566674688904,58.485421470202866,43.03481938359484,140.0149600904624,42.54998727017091,42.72373624065462,43.43705923366227,44.025181290604294,22.250037322745527,43.61694075607516,37.450574264431424,42.61271013366624,40.43900235545769,43.54547537510434,130.1252266179826,82.41219490261159,43.96544987894426,45.07406846708042,41.54605725848705,0.10000000000199874,44.19857468971685,7375344589744982.0,44.39996810468319,42.321127652171654,0.09999669358296198,40.40200959281804,44.77905121204462,46.728149369174396,41.01249553032297,44.134129857565796,523.6998920259228,43.726216217224035,198.78165924773103,42.12831586437145,119.43721361386544,165.50625898324384,24.134853840873717,54.33997601660218,44.13216946285284,39.195416673770744,43.40839766010359,54.312999427187314,68.31080420150003,0.10000000113263242,17.65632614167612,43.195596609336434,1563.1995088343058,42.90294961842097,17.44267519748721,inf,42.43702295746387,44.42768776367254,19.313189663691244,43.770818722635056,46.21210152727652,43.80148207870565,44.603453478293915,59.493763238562885,41.17260871158792,43.1957766879877,41.41849178624969,41.43393320346085,38.44436072891358,12.149676130230105,26.619914004060956,39.48058635323014,40.38328988258083,39.97,2.00666505402502,39.93632972614036,41.088399474188776,44.399715426941746,42.92392348336228,41.26434469110293,201.63864544520143,196.18331611584412,191.1815152399081,40.01051378148944,44.40000000000007,11.348584156956809,57.52383504182271,12197650351896.48,inf,100.82121988981079,3.2097799636828093,111.97484662196055,165.50631893108505,105.2634454033736,722.5784779118059,0.24388393444048415,3150.579000624925,165.5062913630659,3.5611749198350577,inf,8400549931391.481,10.794278357194845,1.5306432393418895e+30,121.87288487322508,78.93352519572812,44.18453492062554,1680.519050810113,40.69094823096575,inf,33.30829778671974,172.86455813965912,209.90773032420114,inf,74.47009923863737,27.488435926385016,70.1405851184537,64.08782495233163,109.62817620083058,174.38944347181226,80294748926.27487,27557.161494253953,185.68798417117182,219.1372001242544,129.34979404447068,180.1585683251507,255.36953949000463,479.1158436026955,44.39999996851822,44.39999998557084,inf,31.81585798255565,39.30386964155076,593.8507015372439,37.54486587618651,4.580055844958718e+47,43.453702748285316,37.52943264334589,141.1081369129894,3.8245069249778736e+25,inf,41.51912515712636,7591.4749372415,190.36817806080663,32.45950224183716,170.85369743749735,164.48615530319765,6.230802029590863e+27,167.35341206150855,47.06879046833016,43.0862857670847,8.606551247346293e+138,94.8164745988962,1.5904444499023263,inf,69.61415977831504,198.95848321584967,0.10001710780049322,214.7951325654829,68.06635851804161,165.41540220489293,204.2578945225614,40.605764216538226,31.314741082868164,104.00526871092748,110.38492847301147,28.939117063707645,20.449554514498175,186.04966086386946,4.082833849700205,23.092366585659907,0.10000000000000002,0.10155077752418998,175.79168925590943,120.80039822458681,40.893038843591285,57.38775538185622,36.50804114854117,2120000104,5,0.6513215599,47.829783332237696
15.0,0.9333333333333333,0.06666666666666667,47.57841204356117,47.0300867370383,44.74360230848423,42.94171055934424,44.39229999071458,47.12816657849294,39.75202049535957,102.14534719498084,46.01159384496718,66.20466777189564,47.73121423283189,44.92904715101301,46.535262982859116,44.39415684766457,49.01467483019066,46.95227218018465,64.00998474601217,46.535164197896805,17.179219583198748,102.84997958462405,148.98161939052633,46.97465326833708,516.6833586033289,85.8027212285551,41.7903295560086,46.876907482262084,42.7914036297194,69.32570315441912,43.56722747270436,220.65741812549774,43.255537713036404,45.719335812762566,47.0512511348073,48.05180667414764,22.250037322745527,44.01562825104642,43.67533509751857,43.906584936786345,42.3628360886112,48.567298620867305,196.03856226539224,109.93555096115179,49.465182699162625,49.84520134283121,45.51743679115974,0.10000000001414894,48.365894568510925,6.179640656792874e+18,44.399991350782514,44.873685818167125,0.09999669358296198,41.80520867293658,46.53563881304834,52.03543967972056,45.374026234671874,49.659476981053004,1184.3813933423794,44.18003925890511,347.2637626825579,45.834006034692536,229.18491149720128,272.61246990227136,29.572686006827386,63.89432178654512,48.14047074184616,41.540237260389105,48.98171249272406,63.86889874097822,79.38562789729293,0.10000002890057377,20.65663171889969,46.53526224524752,7380.471327807348,45.982968363914026,24.071816022881578,inf,45.09157194395449,48.637203883291065,19.97026372704724,47.54165700288664,51.38793183166731,47.46777868480827,46.91928507318195,79.93850583319369,42.25155720929756,46.5353864700607,42.54205542392244,42.44023084077965,40.37278851779898,18.120867344617942,31.57376241211761,41.09728970514188,41.8101114973265,41.446666666666665,2.349146246516558,41.42422551561704,47.879127709884884,44.399944341579356,46.01356420027248,42.329233295356126,359.28943335071756,293.5336536016446,208.578357934764,42.951318774790636,44.40000000000007,1784.9454760616002,72.78895321377568,2.2154892443273365e+24,inf,207.96569187701414,7.4901967695333305,172.56852830026898,272.6125834718168,201.1862320675338,2789.8439439681397,0.37896290635433905,19521.69839179287,272.61368897413456,17.664201693553636,inf,3.4212852552982455e+28,61.580538900698826,9.18942945172079e+65,312.94304841081566,112.19177395146934,44.335283927793384,6848.938434562744,42.36650288666586,inf,36.99722269492044,335.5014675633051,372.0613251437965,inf,126.18256630205222,33.201561090203334,177.7978872417865,79.05240471320998,146.1408089931628,369.3320237182758,8.69957279459933e+16,669626.5749410358,422.3724568465948,447.0353598065537,234.14927042805036,313.52633009269823,493.4594751710722,1323.37645538807,44.399999998318556,44.39999999699377,inf,36.36425409632039,50.156893404611324,1567.5702439175736,39.78878306444953,1.1511091547958105e+109,44.09722050510541,39.7922312252248,245.49176036484332,5.285690259439312e+64,inf,46.53086007886352,54917.27041508019,346.51137703126176,87150.3320488133,392.9260408658213,271.0791837245221,3.8573784204825017e+59,276.4348234175791,155.87683417461992,44.00680332773664,inf,113.53852337136442,3.785937190444672,inf,87.53957445465163,373.199838662082,0.10001762795383018,378.1079905583057,96.83314215136558,272.4526552574468,288.7136410175705,41.844500906382464,35.19180286218003,223.6290657551259,130.56437241852035,33.46198155025247,26.329656390802324,320.6535510606456,7.976343893488438,28.610351939405742,0.10000000000000002,0.11178851794311014,287.4073971737585,333.2419844957704,42.567367625000095,444.30804858870823,39.05468497726683,2120000104,5,0.6447356335058557,59.26548138113077
20.0,0.95,0.05,50.20771748854435,48.61633832938932,44.94885919409286,43.76750013615438,44.39686526170695,49.495863174190106,40.883046979366604,114.15620061488588,48.00629557185397,81.39357836361722,50.26400614766186,46.62881377031117,48.722328152778836,47.99013161575924,50.618961381420625,49.258806854190425,70.79928165587415,48.72222607628013,24.794247422119476,134.13289420295396,184.06456746120222,49.26659390507109,775.1956716913998,111.87683573264853,43.56251912326221,49.17929547926792,43.272999511489026,77.01700541080022,43.81085207336048,294.799772111821,43.58253529499432,47.65503401317733,49.440539541254424,50.83474450939386,22.250037322745527,44.168003278476476,48.558187721276866,44.71712774490531,43.56033385101601,52.08345051264527,261.7712340413719,131.97103111869438,53.318455572456664,53.0261755441057,48.319065529882316,0.10000000005672613,51.16580057985905,6.881760435416239e+20,44.39999632018497,46.48925270373766,0.09999669358296198,42.491009762520626,47.413932613550195,55.61061678103663,48.46858151698346,53.57977315380346,2109.3329377875766,44.41244210470145,501.759827508669,48.39526880007384,363.9239268910727,377.98775129196105,32.73511128031785,70.67381201776946,50.800646063374984,42.73205316027428,52.92881503556086,70.28692981640849,87.32193886158247,0.10000028777916364,22.7529066072954,48.72232735272162,22198.763336731503,47.97856378009355,28.162181780465268,inf,46.78926315499484,51.43514314886981,20.201607467825486,50.04758951929841,55.50371045037648,49.8776868473309,48.20378886890019,100.23342543671885,42.78949429526556,48.7224150228557,43.096312318298665,42.93664010909107,41.35768335331114,21.87965957490779,34.38438189583958,41.91402892854271,42.51036533481904,42.184999999999995,2.557954606778206,42.1681738240287,52.93956773552007,44.3999822440758,48.00889412752928,42.85204820279771,527.0477062811814,372.048409122032,215.0748322478172,44.608465854344395,44.40000000000007,795879.3697936005,81.8793376543382,9.217414477542675e+36,inf,425.5850611225562,13.873744613937268,225.15415633977818,377.9879222234949,326.27041549865737,7845.178906820765,0.5368823300257424,71209.97097995614,377.99050008924434,63.915579159214,inf,1.4141345267305247e+49,223.5387981733797,3.6434870437589925e+112,858.4277735028348,141.24080449877465,44.37245359835693,18254.159350501326,43.07265361610895,inf,38.885189756658804,532.2215786451292,543.1376981325539,inf,192.0024729639269,36.21541758065202,368.80804132269833,90.09292294914032,174.7770677776874,624.5993555783951,9.073350996919096e+22,7483007.539057175,751.204837530125,719.073467172655,355.8832964847271,452.2070566493253,766.4893878053235,2695.443997093341,44.39999999975336,44.39999999892889,inf,38.64586022914348,56.66022423426896,3014.3780260536882,40.928895676148464,1.0500811562097967e+195,44.43044697779928,40.94236068195585,359.9588869293098,8.372139645641049e+123,inf,49.26529329025006,223589.15252203328,515.6470270957287,2998914503.145296,708.6999425556565,376.00356053470756,2.143142455013264e+101,384.0391646096434,362.43307111906796,44.498127953781825,inf,125.61154192442251,6.340829942809562,inf,101.04202456688128,566.911590213959,0.1000178675694127,549.6134508220401,130.77998502221274,377.7569345921207,349.8054715450397,42.47227769048144,37.300584773129444,480.895983719414,141.83839222283976,35.94698461452153,29.93887402902062,458.2306254761321,11.642106682157452,31.88755377510351,0.10000000000000002,0.11915286361836061,405.71812592934094,709.8428491958072,43.243641181594185,2189.1419718562424,40.350082761788265,2120000104,5,0.6415140775914581,68.53112626225344
25.0,0.96,0.04,52.172291237280206,49.69132069208959,45.04408671617574,44.29772706930113,44.398438748768264,51.24814623521854,41.57143762496393,122.86456872731537,49.4605151831004,96.51586826887092,52.14698488505476,47.82081236113025,50.33230371416063,50.78855441674547,51.79846869956224,50.963255716862136,76.0654694668895,50.33219921481367,31.994503144742605,162.2916907531043,214.79686925814988,50.95928205934729,1057.303256837247,138.31830848477517,44.881087360764376,50.880602319547734,43.544956133511306,82.98284292404168,43.94871349222571,363.41642063290004,43.76921563190769,49.06689139927035,51.21076214783537,52.9636133819529,22.250037322745527,44.243179395668726,52.62880113256341,45.29609352937993,44.41247891136364,54.79181004132909,327.4318233240032,150.52822420505962,56.287218162832374,55.39292660935113,50.487301670003745,0.10000000016655278,53.26326388468638,2.595515028900921e+22,44.399998038407475,47.65101710796847,0.09999669358296198,42.89557619182809,47.94090889385131,58.2885573107504,50.86890507398544,56.62059110514683,3298.55565356449,44.558310192077506,658.7956869943976,50.354617112753004,520.9334705276025,480.79381094815443,34.79266145945977,75.93272133565769,52.77554870143942,43.45411265326359,55.98823451857605,75.0765248020207,93.53784725159095,0.10000171114522595,24.362496996827257,50.332302868134974,52153.280453265485,49.43679110472084,30.903487511429155,inf,48.019603405660405,53.513959961724694,20.30891774129394,51.91091956240345,58.995243252104,51.65573012126477,49.03709486142102,120.46882184141631,43.1119026531049,50.332363641742134,43.42653469880698,43.23239727864811,41.95546783822329,24.54341266107665,36.18886984369188,42.40686088080867,42.92483286420324,42.628,2.69708446148574,42.614542906542695,56.99285888450587,44.39999263540883,49.4635747374106,43.16352992487237,700.5435016437045,436.87945450720986,218.15716294891695,45.693184973701314,44.40000000000007,869602598.7996687,87.86979992493352,4.727103354583687e+50,inf,868.1944164901923,22.540595048390372,271.3249671163817,480.79404097613536,479.9079384941711,18202.10842046966,0.7155086467243246,194303.16659806707,480.79829850737207,187.43779458963468,inf,3.3379266744960836e+74,622.6207384486845,1.2726386731471169e+169,2502.975557914983,167.32972044665752,44.38580079002574,38754.770850029476,43.44631171549838,inf,40.024224137867364,758.0681938798608,718.8124876011414,inf,272.85788339760074,38.0366510120162,677.5849114722002,98.88068093995751,198.5113510600681,936.1889678536886,9.3204709663733e+28,52884038.79706932,1170.6304092776898,1024.153638793394,492.05957506558724,593.1838498698004,1064.8664953193213,4662.3031822536805,44.39999999994013,44.39999999950259,inf,39.986652880282705,60.96027037686944,4919.288885252698,41.618722557051356,3.4777206514748294e+305,44.640882231354404,41.638382193072495,482.39964122021837,3.8480502046206795e+204,inf,50.984508099478816,664359.5821341889,692.653462070535,988383246845648.4,1119.4554340375023,478.4080588159461,3.0523805167782214e+152,489.2230834529088,695.0792598169928,44.81397567703084,inf,134.24642062693883,8.898992052044894,inf,111.94471365979824,773.4306111135334,0.10001800283661914,725.1959430067042,170.71791704463442,480.49158054877387,396.1912797198842,42.85213887245718,38.62455491028186,1037.0423274006423,149.01292732119916,37.51440554335611,32.35999788167593,596.1002143451745,14.831994684396713,34.04641131722123,0.10000000000000002,0.12494761331188883,526.9499349305934,1300.7826669125375,43.59060422182089,8162.60776753748,41.13784676460916,2120000104,5,0.639603283141982,76.36367238038417
50.0,0.98,0.02,57.938953437698274,52.33748499538356,45.17127646148357,45.493192767516064,44.39982089027127,56.309945625387286,42.970582478955066,147.97616530577605,53.55900217093124,171.8291494801765,57.62633204086387,50.942104568304906,54.942645733455706,59.52064120666166,55.176222641789636,55.87481755906009,92.4237429281042,54.94253429680787,62.300257417738656,274.0257729399178,333.6358441649111,55.832420656087606,2729.2310390320727,272.3979342485498,48.71368978106627,55.78274515709285,44.03762341711175,101.51442686463814,44.20147572722176,649.9040212536021,44.11622120948161,53.04908439862692,56.33357157623345,59.46775639134471,22.250037322745527,44.35353880775376,66.9778230871063,46.87589453651555,46.72566632584855,63.134983552077465,655.4108383144098,216.5704371173459,65.43442630480772,62.27221855869693,57.20970684966265,0.10000000472687391,59.44303889494833,1.8652954207367617e+27,44.39999967624141,50.85322909153113,0.09999669358296198,43.68231769756523,48.99486145445354,66.15229685317084,58.32499106064593,66.0662344013845,13208.742206878,44.88673482036023,1446.0353364682737,56.34103928234019,1587.2787760798183,957.5293718849846,39.303869641550726,92.27021436718113,58.50315016142247,44.936304888272474,65.48592439735344,89.02917560812648,113.26626704526024,0.10043476765064066,29.28336730496369,54.94264475579444,740564.4012206402,53.56213650730548,37.10896888255986,inf,51.457968890199645,59.548397669247606,20.452205861673217,57.33504513393788,71.82604201215327,56.763973144215434,50.940743914150815,221.37892044319935,43.75616168645066,54.94262857432006,44.081859493236436,43.81932602055427,43.16686709563747,31.494942652953576,40.0855565856428,43.398986075208455,43.735718881703185,43.513999999999996,3.005371716815243,43.507281226939114,70.22690361297727,44.399999510460326,53.563350065495094,43.78302311665635,1601.5539383773826,648.7649526776987,222.343061636196,48.1990642870413,44.40000000000007,7.433316808967611e+28,101.19761791674507,1.4735146637774567e+131,inf,30245.796500670585,105.13737204341375,442.1981069823403,957.5299018923,1667.0806700951614,304222.06385984295,1.8844015501988785,4391676.213171482,957.54396165916,7814.94614982342,inf,2.782645664124649e+267,16655.922300670645,inf,1001546.5202301448,271.876534694909,44.39818807935767,389193.81216707075,44.05771699346152,inf,42.28970873505906,2232.5876829915856,1617.036394299637,inf,937.7796864043073,41.57519041316723,5782.912683123206,127.32277543877004,280.4801951767841,3256.8892606245845,9.957045263558313e+58,36001911627.7577,4592.391409471297,2862.867400917136,1343.6173610424273,1301.0018304274608,2790.6220694525164,25215.875394322342,44.39999999999928,44.39999999995665,inf,42.505714468510256,70.56414372129352,20725.58574209982,43.011249890576956,inf,45.118336486722974,43.043714204177455,1180.055583704052,inf,inf,54.60988095058702,19567158.937779047,1630.1029791325143,1.0149521926225922e+55,4627.750096734295,953.6157365368659,inf,978.7583336316619,5163.75252205525,45.54785941013702,inf,157.07104821299347,18.847657088790022,inf,148.0916230381766,1905.590968372734,0.10001824761143854,1618.4474074840828,486.5803694331455,956.8782007009498,526.5557058261813,43.619975888799466,41.41264608880304,50549.57869045203,164.34328881666835,40.83023581471267,37.86527711409394,1267.1527053610814,24.982683089600453,38.852409317997136,0.10000000000000002,0.14356323650747238,1085.817079028125,9398.137364015784,44.131935924573774,744787.8639208899,42.74363501402399,2120000104,5,0.6358303199128832,104.0926711788852
75.0,0.9866666666666667,0.013333333333333334,61.122299102170416,53.50206731261272,45.19485769506556,45.96473902815024,44.399949528184656,59.052885168633736,43.443677802012004,162.1551516253143,55.718450786988626,247.01030560461317,60.61995231479085,52.43269606236904,57.4164084449352,64.65002024120909,56.99167356130302,58.5289959425001,101.99271947945695,57.41629328643363,86.04518071923583,358.3954807458472,423.08465452920046,58.463100677446505,4719.67306808426,407.37092441654573,50.80000247129187,58.43161105308258,44.18074169514685,112.35470854885352,44.276825280021356,878.5175511102232,44.22162780164266,55.148984685968514,59.1151644167322,63.22420866692972,22.250037322745527,44.377194101390536,76.6691947669019,47.678832223202676,47.895401179366075,67.9843540833956,983.2459908690332,261.2731908076391,70.75167792893603,66.01702496430276,61.13823474934088,0.10000003346088669,62.866733191676985,1.2403509226229929e+30,44.39999987685492,52.497984656037616,0.09999669358296198,43.934586911836796,49.346178974654286,70.47887814528053,62.686521764994865,71.59158152487176,29725.71902207713,45.021697260782425,2213.550408975026,59.798572652295974,3045.787278605847,1385.7652525680476,40.93403254452791,101.82831781059097,61.61714505035219,45.47640325960504,71.03999476291848,96.62691990156007,125.15506361453187,0.11109365597940674,32.11415479359051,57.416407396642455,3496258.910559032,55.744976498960966,39.41107598342998,inf,53.25461708228951,62.83136907458221,20.478760406269373,60.299969631303696,80.9750917102094,59.51384400544962,51.701211226727025,322.17064012787654,43.9708046920374,57.41634996813721,44.29881250610426,44.01363571244703,43.575459338467994,34.67350809161012,41.47516805401272,43.731653324006096,43.998171659626664,43.809333333333335,3.115414311802504,43.80486069791601,78.37052826163367,44.399999898734634,55.72345579307733,43.988837224658404,2514.630518260354,772.0834409344245,223.12791593156572,49.21074354454929,44.40000000000007,1.5531300872575398e+55,106.0751967954848,1.1312283059667953e+226,inf,1047147.323230597,263.59614707046126,558.3666047529467,1385.7660754381327,3542.324313871186,1799003.9954051827,3.4646572677155,27211816.76477244,1385.7907567589139,88001.71500922422,inf,inf,120554.00452090705,inf,707314951.697178,352.7601863493239,44.39945664715252,1475679.1269347582,44.21175659222159,inf,43.02876035796302,4156.221861101102,2511.0005003776314,inf,2133.2894199219177,42.66557507346566,24607.659747862384,144.69781709071884,334.05150912569997,6722.1508861277525,1.031933063866577e+89,2218248138509.351,10165.02256578651,5009.828721442536,2416.6945908976563,1993.084659538598,4743.527028254893,67261.16143734432,44.40000000000007,44.400000000006514,inf,43.255321892177605,74.09060474386102,45725.701065940884,43.47922067968063,inf,45.316018319630246,43.51607635681894,1978.2579353998183,inf,inf,55.87622185177409,141550222.18337053,2595.979052454522,3.22334871864744e+112,10612.249161740385,1380.7962394018314,inf,1420.1766581459956,16501.97920697267,45.85926228250109,inf,167.8210314673224,24.76891772192201,inf,170.76328051964347,3112.2897040324815,0.10001831856845492,2503.525097792863,1075.6545051582593,1384.784606042354,589.9234913735185,43.87854910372946,42.385532483466754,2605691.315953804,169.75844152036316,41.99132764347041,39.92015230403545,1900.000905672206,30.073521219405304,40.61341607588508,0.10000000000000002,0.1549945669741777,1496.5409665785176,31734.43344607999,44.259278617913345,13929738.419673728,43.289499452326474,2120000104,5,0.6345868051211123,122.50316250750694
100.0,0.99,0.01,63.311936326549585,54.1945629945441,45.203113163785694,46.22733197041185,44.39997945207397,60.918792700476445,43.68149784569656,172.2779968618302,57.163588128864205,322.1584847892119,62.66602950512808,53.36695295017376,59.08955618276525,68.29689637558344,58.22159637023542,60.331624668407585,108.78201638931893,59.089438507152465,105.7500318924335,427.70596777069636,497.48322439651383,60.24870241842143,6947.951744742993,542.5764045232698,52.22127146294632,60.230543878354354,44.24649953943531,120.04601080523462,44.312136551916474,1072.9117896395794,44.27158915647639,56.55483126245045,61.00956898665973,65.8763278312019,22.250037322745527,44.38623495685311,84.17670768518175,48.205345031640775,48.660513657848554,71.41655237925747,1311.045192604821,295.791904082742,74.5151135678589,68.56811773624054,63.92493297930024,0.10000013415167293,65.2257871106925,1.2342748754700326e+32,44.39999993595587,53.58239272331043,0.09999669358296198,44.057731953511855,49.52183773475466,73.44326532502245,65.78107704730644,75.51187769762217,52849.486461889,45.10058793044357,2956.8841584744455,62.23967450864065,4836.42164601507,1779.3870983965082,41.77429606929187,108.61047437933054,63.7382021036411,45.77897349085004,74.98038383569107,101.7991475280244,133.76773971516292,0.21046573205861263,34.1041632932938,59.0895550867003,10515818.456252316,57.20926182165085,40.60909800557767,inf,54.452008573903214,65.06798211273609,20.488054408671495,62.32712687137456,88.32831243273328,61.37687175600862,52.12707172741392,422.93279763358845,44.07811401733491,59.08946977981347,44.40701415515013,44.11054438778862,43.780670124655934,36.55276092988706,42.1878655634559,43.89836113749602,44.12711833679043,43.957,3.171362262065256,43.95365043683262,84.30800553894176,44.39999996680134,57.16901853771356,44.091668665252,3422.2153544468015,856.2577421787249,223.4033369598965,49.77988902801564,44.40000000000007,5.738952717947432e+86,108.60145039772513,inf,inf,36197230.33612386,509.3911372497154,646.2681624921603,1779.3882034848561,6100.520884652452,6698230.577747209,5.4186709998735685,99261480.3917869,1779.4236590875796,538425.096975498,inf,inf,500845.1686602607,inf,633467600416.7614,420.7081131682371,44.39976881256665,3778348.568903823,44.27676857323382,inf,43.39129221427092,6435.204786625303,3388.3681044009813,inf,3996.214961885348,43.176861336731704,75556.52939800899,157.3300859149806,374.5124491496574,11226.504663610986,1.0614047675849613e+119,47139394175209.336,17837.789625145273,7334.621400343074,3664.94645472279,2665.0994960999274,6828.137631241953,134689.798267937,44.400000000000226,44.40000000003325,inf,43.601061488813976,75.91938327629576,78635.19942134614,43.71391470834906,inf,45.43197172419379,43.752989162887815,2849.055578955868,inf,inf,56.520642145222396,576304941.8050419,3564.097098418549,1.0737802708415282e+185,19121.56108906284,1773.6327729319328,inf,1826.899255797884,37457.27962933357,46.044136469508764,inf,174.41492969301248,28.524393665632406,inf,187.50401123890563,4347.367097610188,0.10001835112186407,3370.0813643270412,2074.6422122885892,1778.094682183077,628.6839581583439,44.008363587734195,42.88045674724215,139685574.5839266,172.52548032720986,42.58268451600914,40.99274740006114,2499.2183285411165,33.07150691651432,41.52612421847147,0.10000000000000002,0.1633983394977542,1784.841877292667,77063.6349832147,44.3108578443083,126088209.88690425,43.564684453552054,2120000104,5,0.6339676587267709,136.44758544897235
200.0,0.995,0.005,68.39169703843237,55.50283696213328,45.211074794756684,46.68262938060907,44.39999764268788,65.18336621359458,44.039826945326396,197.55638761737762,60.39641190064471,622.6687985028134,67.37124598162342,55.266579161522635,62.88479125628716,77.10461046757285,61.01891418409093,64.44290717567833,125.14028985053362,62.88466787162885,163.3599858935013,630.1389011297971,722.7527156590296,64.31799106245785,17568.225423175907,1083.9865258194895,55.471888340854214,64.33313446801384,44.33499233564569,138.57759474583108,44.36099730853773,1669.316071159059,44.34172656974964,59.70095055867766,65.34585147217905,72.2381996903816,22.250037322745527,44.39592183489757,104.60182085918346,49.35304319992047,50.32355924007914,79.66790315290118,2622.1521332191733,388.7971989941875,83.56291635055867,74.40278047092579,70.63836628403241,0.10000380730935063,70.70866958305061,7.843074841745306e+36,44.399999985464916,55.961052283876995,0.09999669358296198,44.236793492221196,49.78532587490522,80.27096677718723,73.23716303396694,84.95752099385984,211412.46299275692,45.25005720748241,5729.291227302086,68.09541332396888,14736.525612604095,3137.3748310715555,43.06714229521805,124.95350184073241,68.59089564009514,46.35291974376372,84.47403629839144,113.60996727724552,155.18687857234204,28.16712491433911,38.84363693995175,62.88479005185978,149321815.2767235,60.494706080541704,42.466926353949596,inf,57.11816582956093,70.18558439534002,20.497014889525364,66.9912124002845,109.47264035560056,65.61125285625943,52.86950263681583,825.9075457815845,44.23906805478025,62.88464157034299,44.56897565599126,44.25560201529481,44.08963991740757,39.92577706272759,43.279853136523144,44.14889496289962,44.31635404377117,44.1785,3.2560721257271528,44.1768350480117,99.09760659886072,44.39999999772639,60.40273647740583,44.245854054244695,6948.409369809646,1041.1334442702503,223.66927692869578,50.77654664153169,44.40000000000007,6.873147644255758e+254,112.50408595453257,inf,inf,51482348233916.64,2538.656123038262,869.9891875130435,3137.3769734508505,23159.56457636469,188683750.8294335,16.602086467871864,2243526392.0455956,3137.454540522923,55906182.674708895,inf,inf,16357976.985993732,inf,8.543538755200971e+23,627.3507154903108,44.39982793406521,35893598.11248401,44.35553787442923,inf,43.91978010423061,18256.699732089717,6726.968456561906,inf,21103.95990394846,43.876044384997726,1598689.6884487898,188.73362044594697,480.1660400368662,38523.44310637388,1.165658111433955e+239,1.1557703047651296e+17,68946.00419195427,17539.690698164904,9994.091326579128,5183.834396703761,15860.774067086753,715056.2902173623,44.400000000000226,44.40000000019198,inf,44.06551320336878,78.74753521090734,274113.6102620791,44.066839735238645,inf,45.65247568613586,44.10927122971288,6834.6388156623025,inf,inf,57.50159094671803,16973715409.557768,7359.875056099855,inf,78999.51452923994,3129.85243837051,inf,3235.1082919417727,266121.4845913018,46.400506316537246,inf,187.27432139384817,35.459381109327886,inf,229.99172421234894,9339.76776266296,0.10001839484139861,6657.566321401753,14625.96582753317,3134.9632097238523,702.4465014651967,44.20376773694015,43.633653032794086,1481734258436278.0,176.75182876825392,43.48345504917592,42.66077681655592,4655.856519634389,38.25038424116564,42.9370508782749,0.10000000000000002,0.1848258653497514,2362.2935425744286,702483.2567104815,44.37027728414147,38528549966.0879,43.980452201411,2120000104,5,0.6330421782738329,172.72307590072876
250.0,0.996,0.004,69.97619774700274,55.83580305491675,45.21203025648257,46.7889822966506,44.39999882593613,66.49551167615812,44.11172379611424,206.09800518345776,61.3720599076354,772.9091257602818,68.82694461755841,55.78732958552274,64.04459957033757,79.94537249494275,61.87605336484479,65.70549505917671,130.40647766154896,64.04447444117551,185.02785971115185,706.8073541340223,811.8570191993482,65.56681689740174,23662.891219768728,1354.7979921907488,56.471911339639554,65.59298048663192,44.35070207978842,144.54343225907252,44.369959835787,1904.9391698998647,44.35479792958992,60.650634471132335,66.68187474514005,74.28062876557024,22.250037322745527,44.397243321751596,111.93042225123482,49.691514247900834,50.81286886313272,82.32059152081678,3277.6894283900992,421.76929910007135,86.47166898875612,76.19776189875722,72.79948843534275,0.10001117858396037,72.42115430326541,2.7453923726976825e+38,44.39999999076164,56.66611017580768,0.09999669358296198,44.27141554527844,49.83802350293533,82.38397589345604,75.63748659096892,87.99833894520322,330334.69537036633,45.28895562878238,7021.882721797809,69.97536292449003,21094.37952176883,3731.0704495444365,43.330473835060054,130.21537047912986,70.0846808546016,46.50945771789931,87.53025544245477,117.23703523723896,162.29806184174956,166.98813114289655,40.3544467826747,64.04459833279506,350812147.3225748,61.488784676837305,42.84743783912933,inf,57.91982317035482,71.7608978533881,20.49808981821044,68.43491116391095,117.45396300434453,66.90740874494497,53.04367085236751,1027.3816228838152,44.27125790149445,64.04443056372719,44.60131908661398,44.28456977175037,44.15160092756843,40.70974093479299,43.501606924038924,44.19907010482416,44.35334526063233,44.2228,3.273091496014864,44.22147197051839,103.99041667214877,44.399999999039764,61.37863511237163,44.276685168183356,8649.795174518244,1094.245074453327,223.70121319793216,51.01116352457474,44.40000000000007,inf,113.30128353021901,inf,inf,6.135447064210895e+16,4278.428425069661,943.8538208192327,3731.0730678058117,35802.49586480122,580215692.5028026,24.063359205763607,6121674764.3879385,3731.170783644183,268548372.93412316,inf,inf,50950946.62520129,inf,1.1500461142604674e+30,708.8270885213019,44.39982793081628,73849081.70266752,44.367967163456335,inf,44.022011983184065,25469.453164408198,8309.257992470848,44.12230671432216,37745.03333438393,44.00164794601494,4779201.692055284,199.11809904803104,516.5896852073961,57263.019100515216,1.2174056844590955e+299,1.6233302736211679e+18,106481.97771922026,22935.510791278863,13803.579666004332,6363.629567618201,20615.109253386785,1222978.6853664594,44.400000000000226,44.40000000032446,inf,44.1474713810031,79.32568460249068,403425.73264879687,44.13755187314908,inf,45.710035718723816,44.180658933816396,9051.425420655825,inf,inf,57.69986583482922,50434694144.980064,9200.49694328469,inf,124727.19173039294,3723.1173770094556,inf,3852.5909940204942,498300.4553588836,46.49462323533867,inf,190.6290759823117,37.0687354996977,inf,244.29854109043356,11818.625096501757,0.10001840258457788,8212.383834817676,31103.89329566493,3728.1541827539877,720.9681722229943,44.24294888333427,43.78586795010733,5.350092008446324e+18,177.6081451068356,43.665607106650235,43.00314922622125,5631.234545458939,39.39661527336188,43.2254138067168,0.10000000000000002,0.19212945338439727,2502.8029511365944,1459351.6641398577,44.379121877114436,274607018428.187,44.06405235104568,2120000104,5,0.6328575464337579,185.12584496464734
500.0,0.998,0.002,74.76668456517575,56.661393973809766,45.213304227454245,47.033214665510194,44.3999998653083,70.41128814221065,44.2557491905193,234.33493898615833,64.23237184739169,1524.0811061274412,73.19306422093507,57.17313570360976,67.48402201070546,88.78306991200378,64.4247260237278,69.46680221484974,146.76475112276367,67.48389170863942,262.23052723885877,984.1895309197164,1154.3545291263408,69.28477195867117,59592.574856200445,2709.068728673178,59.45351537243482,69.34592001551721,44.37912453588555,163.075016199669,44.38664155608895,2795.36231869318,44.3794519324349,63.43489541400939,70.67388890267202,80.61481867652955,44.31296008043972,44.39918327978261,137.25781526576472,50.66361533884797,52.215568671205276,90.55399369290299,6555.34355486647,533.9051757989888,95.49985970161026,81.5495626778559,79.51241988782829,0.10031725528502979,77.60274963441776,1.7030644849263034e+43,44.39999999759057,58.69889424657937,0.09999669358296198,44.338691303674246,49.943418758995556,88.71622377297666,83.0935725776294,97.44398224144089,1321353.2984897243,45.389416526911546,12883.205162201935,75.80567397358469,64274.35134003792,6237.902272791996,43.861977135973554,146.5620570287908,74.54218683483157,46.94980140713665,97.02368199741021,128.03078383045752,185.11555707038346,42403.02384087879,45.00667244186414,67.48402067495971,4981438799.3179865,64.40949934409073,43.61757336829302,inf,60.263366213105556,76.46116428689442,20.49952268509575,72.7672757229686,146.5875322429909,70.75649864006968,53.44470743337144,2034.7254164168382,44.33563703871625,67.48379576269896,44.665957274503704,44.34246169132935,44.27569080385776,42.42752990985585,43.948516621012836,44.2994891043629,44.42596575179115,44.3114,3.3071755023107996,44.310745815688634,119.54799762249817,44.39999999993386,64.23961806601605,44.3383439436833,16682.02096094029,1237.919021498346,223.74380271931642,51.552549059103974,44.40000000000007,inf,114.91266544994389,inf,inf,1.4729171966983111e+32,21922.340019896306,1172.4273556906523,6237.90699961291,140697.59131106595,21903645207.723614,78.30820443890607,138363228547.61978,6238.097491482469,42941187934.43184,inf,inf,1798963568.818892,inf,6.95600728731937e+60,1018.1247562387247,44.39982793262828,689337291.2391561,44.388424433055,inf,44.220439274759784,71137.47823536025,15618.363271797005,44.26380259878233,264792.58564599836,44.23027985066932,210369149.44481844,232.1717527442001,637.0528835661039,195970.17588057308,inf,8.82644891233089e+21,410366.04974670894,51028.99388019336,37638.71929824735,11746.243888546092,45439.74429559767,6469152.15833515,44.400000000000226,44.400000001587664,inf,44.29465802133749,80.49474853701584,1284470.410211962,44.27910314392856,inf,45.859028948654945,44.32356549684737,21631.242278935115,inf,inf,58.09852090625825,1485436072628.7021,17909.60742285524,inf,515285.07180894807,6229.709448810169,inf,6468.33178000721,3458176.9396287343,46.74048486150808,inf,199.08473484547346,40.54527275627344,inf,290.6264327131584,23855.771602453402,0.10001841656602437,15381.348372595032,513313.44239556475,6232.787234761519,765.4940252246721,44.3214132631642,44.09188997789836,6.071037856439502e+36,179.33193944641005,44.03192652339225,43.696881763420116,9899.750233893072,41.81136334287275,43.80844820973247,0.10000000000000002,0.21631664046397678,2812.371205512316,14920565.923916943,44.39302551567315,177011145797858.25,44.23171321703116,2120000104,5,0.6324887451428414,225.6035719525854
750.0,0.9986666666666667,0.0013333333333333333,77.48872546159873,57.02690839127207,45.21354015076422,47.13125566415586,44.399999962044845,72.60248451909371,44.30382639515423,252.26449082849513,65.80044034827937,2275.2399064778756,75.65042626123847,57.84469065584929,69.3946662819341,93.96093202758419,65.84510831585368,71.56731880664614,156.333727674117,69.39453310653509,314.39347046340964,1175.9844546808288,1411.0806641184583,71.35957234541206,102221.77261645964,4063.434382852921,61.119207895181376,71.44163496947726,44.3873722510679,173.91529788388505,44.391682199574426,3441.740755851498,44.387039801868035,64.96105471537638,72.9109547050555,84.31546522693708,44.34249545227064,44.399599105456204,154.00778003882834,51.18417624306778,52.965236943344784,95.36722871487756,9832.98330394891,606.4843599849534,100.77773218128301,84.53938105847328,83.43919484497479,0.10224580627362709,80.54864405403833,1.0789311295758871e+46,44.399999998857986,59.79161322762104,0.09999669358296198,44.360248544005216,49.97855051101563,92.27351794297337,87.4551032819786,102.96932936492848,2973050.970347758,45.437073027240245,18090.49932558569,79.21194623899406,123334.3534874392,8299.117936262548,44.040589765629036,156.12553905734876,77.03529473142464,47.18794258056157,102.57696333382665,134.04675826775613,199.00532807953988,1081965.257524051,47.70214031081961,69.39466489163514,23517734996.097954,66.01445857728646,43.87700816508977,inf,61.54447882058932,79.08951837058778,20.499787920791707,75.20720155485236,167.1452555528282,72.89790605506269,53.60611430992677,3042.057391527914,44.35709664125708,69.39440827246874,44.68748894189698,44.361746105045555,44.31710394093099,43.05276004648289,44.098500851579324,44.33298251057527,44.44959084647661,44.34093333333333,3.3185458016674447,44.3405037641097,128.87594509119705,44.399999999986164,65.8080079515052,44.35889618691757,24142.42422975596,1307.4126979380148,223.7516906497589,51.77089785339504,44.40000000000007,inf,115.45486948873825,inf,inf,3.533788797363232e+47,57453.217457655905,1302.343959673784,8299.12448322005,316227.49739249377,201407434112.67752,158.7127909102926,857329784679.5471,8299.397965867827,946154369116.4473,inf,inf,14776327134.637096,inf,4.848441664849756e+91,1244.9771316118881,44.399997481657145,2536101271.2368674,44.393616107968825,inf,44.28386298241618,129167.15198594911,22242.73274352576,44.31100548378265,914521.8827000414,44.29704323859815,2570245853.029064,252.03730592983544,712.5675445142342,402300.14851352276,inf,1.771975472908538e+24,902994.9423984776,79770.66491756267,67681.07400454774,16563.251409789453,71082.99582610387,17130206.935079087,44.400000000000226,44.40000000387309,inf,44.336865036364784,80.88825274242588,2461922.60043134,44.326324510365076,inf,45.92987788617046,44.371240070991846,35986.14021910608,inf,inf,58.23203248201503,10745750484633.68,25994.35589906807,inf,1181500.4610024893,8292.146188330915,inf,8626.724734315383,10663124.446467377,46.85859277265027,inf,202.88824311307346,41.78600298825272,inf,319.0165884248803,35331.49613158344,0.10001842061182908,21868.55220146288,3827581.26416583,8292.1356558999,784.1813025875933,44.34759854651779,44.194371349415064,1.3343746699506853e+55,179.90986045646537,44.15463249310908,43.9308196682721,13544.097941554986,42.65427182481974,44.00468032585689,0.10000000000000002,0.23168225193994577,2924.469411730893,60135664.38105025,44.39632620662961,1.002627218712426e+16,44.287738559898415,2120000104,5,0.6323659481318762,250.49954504522864
1000.0,0.999,0.001,79.38884250748976,57.244744575457716,45.213622724126445,47.18627271666561,44.39999998454782,74.11775253024285,44.32787790002836,265.7108887386835,66.87157997586904,3026.395411878188,77.3556210740781,58.268318686562466,70.71014451530094,97.6378223806349,66.82497620958988,73.0181235243204,163.12302458397838,70.71000936173014,354.5512439975118,1326.2386081511622,1624.2719139725164,72.7919967674178,149877.87393372707,5417.823776305033,62.269552857207856,72.88906993269,44.39116043776319,181.6066001402655,44.39405620389536,3963.6931953716407,44.39065389141266,66.0033622237022,74.45926910659779,86.93983678100896,44.3572631381861,44.39975803055222,166.82571776620583,51.53490560431391,53.469789469002365,98.78144298568866,13110.619458696961,661.1853700362914,104.52153268901621,86.60418141301074,86.22527965208944,0.10900390570361722,82.60521457922539,1.048075617350812e+48,44.39999999931698,60.52920622475561,0.09999669358296198,44.37076902887685,49.996116387025666,94.7379734807736,90.54965856428991,106.88962553767857,5285427.710947595,45.46702335282296,22875.67190302683,81.6275600553307,195843.26886312835,10101.86007854232,44.13016864727834,162.9115121161273,78.75842715008157,47.35193934317369,106.51707628145284,138.1954434829179,209.11760317629324,10773731.808433102,49.60409742054342,70.71014308744213,70735100516.45903,67.11221923412934,44.00723965682496,inf,62.41833790861776,80.90583700660218,20.499880729762545,76.90099385625888,183.55778699611477,74.37348951040804,53.69679580609994,4049.3864120660855,44.367826430354896,70.70986465417772,44.69825208054164,44.37138589813347,44.33781987230232,43.37681202315255,44.1736841247509,44.34973304696714,44.461236469974544,44.3557,3.32423194607026,44.355382738323655,135.58580591237356,44.39999999999544,66.87934561057108,44.369172232980986,31202.063501906792,1350.6705130834225,223.75445149792228,51.89368461223906,44.40000000000007,inf,115.72693013385178,inf,inf,8.476867250660115e+62,114154.23390934354,1391.6051193929582,10101.868264050501,563748.0951225843,1012258519850.877,263.62465678878283,3127311356933.0522,10102.217952381083,8916005488109.164,inf,inf,66363954654.7537,inf,3.502597641121655e+122,1429.9109024682357,44.399827932133604,6382282569.235782,44.39581452372296,inf,44.31475564749703,196886.803109686,28408.65568034615,44.334613971589214,2304559.272100206,44.32779727380986,17450084355.479263,266.3577234282766,768.3684637878271,670068.811911363,inf,8.588974981834908e+25,1579951.5268437914,108602.4874951501,102629.75611858131,21012.459596521447,97071.55300863797,34178485.789200194,44.400000000000226,44.400000007167044,inf,44.35609938317008,81.08572563576156,3863867.5381818693,44.34994224251309,inf,45.97445978963345,44.395087000017156,51629.6520594606,inf,inf,58.29890617347978,43750048879555.81,33628.20180211769,inf,2128785.40086767,10096.745085302822,inf,10518.71220664033,23636014.773111876,46.933331858996816,inf,205.17147010509368,42.42261741244492,inf,339.72312910166164,46348.22192796132,0.10001842246686944,27902.244629066412,19259972.149985272,10093.212827271842,794.8796143149879,44.36069694233574,44.24570126515283,4.532802252435331e+73,180.19944642740393,44.2160982485242,44.04829845131135,16806.001466611084,43.083131257235934,44.10315305867796,0.10000000000000002,0.24322016600957574,2982.2541530358526,163898690.9454364,44.39766851952189,1.9641514496534003e+17,44.315777475981044,2120000104,5,0.6323045752290363,268.64606554183825
