tr,prob_l,prob_g,alpha,betaprime,chi2,crystalball,dgamma,erlang,expon,exponnorm,f,fatiguelife,fisk,gamma,genexpon,geninvgauss,genlogistic,gibrat,gompertz,gumbel_l,gumbel_r,halflogistic,halfnorm,hypsecant,invgamma,invgauss,invweibull,johnsonsu,kstwobign,laplace,laplace_asymmetric,loggamma,logistic,lognorm,maxwell,mielke,moyal,nakagami,ncf,nct,norm,pareto,pearson3,rayleigh,recipinvgauss,rice,t,truncnorm,wald,weibull_min,zzgumbel,zzloggumbel,station,n,risk_rate
2.0,0.5,0.5,101.81863853694495,101.54074320326838,101.82291604885751,105.80070015001027,103.49236811564955,101.82291368601861,84.85082120975785,102.31450016218756,101.82122257408655,101.82440445993637,101.61609163599462,101.82291536677407,84.95425219549949,96.71363256419306,101.47453449544375,94.32597283265298,105.82338515816114,112.080915485057,99.52048554058402,96.39827845060995,97.97549530710333,105.80070051282051,101.8054538798863,101.63683243157558,99.81884403526783,105.79834577441216,99.27925092197795,105.80070051282051,97.12373610854925,105.77333581369021,105.80070051282051,101.80439576425172,102.53121988136861,102.15339786867905,97.49302187494354,101.91349407042466,80.76172775919869,101.87366305438971,105.80070051282051,84.85082054138184,101.2994220654824,101.37163432840822,101.82186727700685,102.08639092018043,105.90779154082512,105.80070221084472,93.40886281173026,101.78896915752323,116.84982431431938,93.7827684309985,25020230.0,39,0.75
2.33,0.5708154506437768,0.4291845493562232,108.44564347179318,108.41876950281195,108.62442081438465,112.62246311830113,112.66986863051991,108.62441853897313,95.27760609604638,108.62330061809885,108.62183909641236,108.56789385647431,107.71059915784593,108.62442109715373,95.33731519753772,104.72050170310297,107.8706174315316,97.78161091512865,114.93308169011452,118.01593274898157,105.84161375395284,102.8973942791877,105.33796073348445,111.26015206510723,108.47644792372543,108.41811669898985,106.7576764151454,112.68226045370102,106.64197705146297,109.92891804568998,103.00331285875619,112.61108963574407,111.81114753848766,108.50928357141518,109.61856536920284,108.28790682934869,103.47677364103656,109.07514840465134,95.42749448669448,108.33450384114859,112.6224634764506,95.27760553359985,108.09659355098327,108.56382055967605,108.56708087525504,109.40607889744633,112.81105639965205,112.62246504781864,97.88195952206118,109.05700965955249,123.25358516183796,99.87615877604811,25020230.0,39,0.7292085003076647
5.0,0.8,0.2,135.47234665903824,136.50996109830578,136.18735180331976,137.97397354910294,133.8084290396163,136.1873510638576,147.40908700737285,134.3232736403384,136.1831801097174,135.97040770718135,133.5552578541936,136.18735699339922,147.2501968226414,140.08807962461222,134.66782159746543,117.67663619338006,148.4952904398147,137.18946364919327,133.30346095424125,132.30462836435674,136.47287212915398,133.15927515063598,135.65894324366934,136.16681747809457,136.90312629193068,138.26474326848984,137.91722841773264,130.56903826103985,132.3998187292438,137.9233828332617,135.0183164918612,135.79834942063187,137.51380955140075,133.750291580385,131.1940622999166,137.49083491163623,166.1020764929455,134.8385982675145,137.97397388993178,147.40908765792847,135.95585140604226,137.35730825621962,135.97517860554336,138.0384791294872,138.7262043767618,137.97397499061057,122.92243257785957,137.77536813706865,151.07442599367118,131.29068004102416,25020230.0,39,0.6723199999999999
10.0,0.9,0.1,155.81299218366036,157.42461563605528,156.5207190335764,154.79151365201957,149.29969638707988,156.52072042596777,194.73258821713068,154.3661098028524,156.51844394793733,156.31606799947753,155.18207565438894,156.52072868673974,194.37525971000224,168.7090309406619,155.85159389407647,140.35468196714135,169.45836807225828,147.86442179708826,155.6707302317668,156.72611176614328,159.512002584392,150.64635873087607,156.02253014327766,156.9474905163561,161.45616921037436,155.23550432920456,161.72933499556683,149.30556246686643,159.08514507727054,154.6296460931917,152.1095262000713,156.16210046051742,157.1450436981327,154.8386908339772,155.32626533023728,157.61567419254465,231.37766005043702,155.1514505558375,154.79151398135835,194.732590675354,156.7740320587906,157.88765661950714,156.3223967859751,157.88860307617097,156.4378812901804,154.79151476979243,149.49626835209625,157.9534792712451,173.73409028625588,164.04839790038903,25020230.0,39,0.6513215599
15.0,0.9333333333333333,0.06666666666666667,166.80216018421686,168.56480679476718,167.29617414773165,163.18381575010645,157.81954906755848,167.29617695265702,222.4150618276713,165.65276390991886,167.29624382940824,167.1553950868621,167.99296673320626,167.29618640471577,221.9416543432346,184.6054902430286,167.68211495608375,155.99697482777623,179.37704193605165,152.69885602621403,168.29015454768236,170.54649790744196,171.5014783125482,160.62610532682078,166.96718559220506,168.07336101835165,175.30879602581263,163.70426681637764,174.3706748535007,160.26572652112927,174.6950603103724,162.9411381229911,161.4216175171153,167.06477964469633,167.21757157300786,167.4038631135823,169.33154215441948,167.9631966908175,271.2500604071039,166.31093117491005,163.18381607371143,222.41506624221802,167.88198326502294,168.46582066042043,167.16139597860553,167.96467365140438,165.5269678132536,163.18381670632775,166.56079772419332,168.270504424362,186.51848139883788,186.01621767126878,25020230.0,39,0.6447356335058557
20.0,0.95,0.05,174.33231574071044,176.11884876957657,174.58314743537272,168.6797285423163,163.71278408385703,174.58315129442462,242.05608942688846,173.5901133301275,174.58538520279905,174.5099672893038,177.30146143388617,174.58316153666826,241.500322597363,195.61225035549396,175.9344289303604,168.26716685349405,185.66685082247656,155.70806834643972,177.125951928443,180.229462654555,179.4950123371209,167.6663654274592,174.4384139935749,175.64242755323008,185.00805339217186,169.25025162100792,182.88632524108772,168.04208667269302,185.77047142529725,168.37504362560503,167.85785791011847,174.48760897160923,173.90237099628962,176.59927020966055,179.2502826932293,174.83583541065173,300.526865751635,174.04305097493042,168.67972886216637,242.05609512329102,175.42026917338842,175.49680942178117,174.51524960466443,174.61193954700713,171.59207650054117,168.67972939274074,179.27725823563875,175.10100868184168,195.4697843013567,203.12599104712396,25020230.0,39,0.6415140775914581
25.0,0.96,0.04,180.05449398720555,181.81182722438186,180.0648797042519,172.72546316634134,168.21580102712062,180.0648844054828,257.2908540147456,179.72788731307637,180.06907393674794,180.05595234202718,184.68411155352976,180.06489523447794,256.6712043141382,204.02028413213162,182.27823001009642,178.49627104064933,190.19261078505784,157.84943803807738,183.93183425840172,187.68972421671674,185.44246867302994,173.11496258634588,180.0987161460563,181.36040663822018,192.47902826219797,173.33284598588943,189.2648638878578,174.07390021508576,194.36122769796503,172.37054684813484,172.78153732500692,180.09977189156544,178.8651371377271,183.93872521215485,186.93834950225573,179.94016076517067,323.8690617967376,179.96774612453174,172.72546348342723,257.2908606529236,181.104225552497,180.72070324532598,180.06041961555474,179.52686443554046,176.12093646320392,172.7254639388844,189.46283825958133,180.1628242962041,202.36463618954213,217.37061476104648,25020230.0,39,0.639603283141982
50.0,0.98,0.02,197.34260644291663,198.74191376631273,196.31921348416114,184.31086904669584,181.91079402810988,196.31922091237678,304.61435522450347,198.7552603769364,196.33093820106103,196.5702673857864,208.72719105314906,196.31923344534417,303.796267201499,229.55093242853806,201.77400825408418,214.55413891624505,202.66873903086005,163.6622856985859,204.89753566222407,210.67592241387044,202.7295797222276,190.00780792039853,197.10039341032717,198.43621568463877,215.493574783206,185.02380380034447,207.9953644433814,192.81042442091234,221.04655404599177,183.79065236847782,187.82491854236932,196.8929317300135,193.2581234295021,208.16019501908974,210.80525455559336,194.75092843795952,400.3495020519398,198.13889814292938,184.31086935586643,304.61436653137207,198.01973379622726,195.88474351763995,196.570886270095,193.6891770360728,189.43165597274094,184.3108695962129,222.7188804898586,194.79702692801467,223.60441068211009,267.8410690382062,25020230.0,39,0.6358303199128832
75.0,0.9866666666666667,0.013333333333333334,207.21342562590206,208.21423927871476,205.3843257931307,190.52722890551567,189.76227405850074,205.38433488009585,332.29682883504427,209.87809423553358,205.40142656120747,205.82632827702218,223.69823766668844,205.3843483418585,331.3626618347315,244.1496713961861,213.0849394174052,238.9077290543327,209.07419213323556,166.60173213691036,217.08360064398806,224.0377479894232,212.1399790290358,199.87987192519603,206.73418810704067,208.03746668672713,228.8705134987831,191.29679942131042,218.30077103247544,203.77058847517523,236.65646927909378,189.90523984429456,196.51341245117482,206.3632750933003,201.08333369634136,223.50338071475318,224.76217163399775,202.80626664555973,448.19059559899404,208.7044826612639,190.5272292104391,332.2968430519104,207.4905366087474,204.134577721958,205.82384859866715,201.33470149171154,196.8100567748346,190.52722933535966,243.18312485202242,202.723849282235,235.94977739220053,302.399948822331,25020230.0,39,0.6345868051211123
100.0,0.99,0.01,214.14397242129814,214.77642940655878,211.65288437500482,194.73170995256862,195.27676399025444,211.65289466237815,351.93785643426133,217.76933628340396,211.67421564577654,212.24638702794005,234.777581300081,211.65290875807742,350.9213300888599,254.38427408514386,221.08470161997525,257.77346845728607,213.29578050358785,168.52439618597236,225.70842961788446,233.4949589936796,218.55067134592278,206.88261289859423,213.4637807726686,214.7090734318247,238.33820022642612,195.53958654403687,225.3615918312086,211.54694862673895,247.73188039401853,194.03572240721223,202.64769846961912,212.95821800232912,206.4133737323585,234.98970342518774,234.6640417806758,208.2937575473888,483.666077687182,216.20829076544734,194.73171025461932,351.9378733634949,214.05393893282942,209.75500034093147,212.24135967897223,206.52176872209583,201.9056079983514,194.73171030146767,258.10350627182106,208.1110343911815,244.6873540138502,329.5216594095266,25020230.0,39,0.6339676587267709
200.0,0.995,0.005,230.68297304491898,230.1315699870682,226.28602000363728,204.26881990104732,208.40692763621018,226.28603325149027,399.2613576440191,236.7823409440371,226.31891289214275,227.2953129251332,263.18510077474645,226.28604880233414,398.04639297622055,278.6893429718839,240.30470849042206,309.10003513934987,222.5517517766792,172.70349147304432,246.4433881172547,256.23135951981686,233.21271263909853,223.75291265685325,229.40065041084932,230.38448566379972,261.0994840487838,205.16358676552773,241.6243717914104,230.28347283256556,274.4172067420453,203.38957103710345,217.3626832823864,228.50637884875724,218.6077891497634,264.9477487230167,258.5208011430716,220.84945703273155,574.8440268595796,234.40586429698325,204.26882019658223,399.261381149292,229.41778352008413,222.61510941362047,227.28304118961017,218.32999334160797,213.8120737127045,204.2688200663227,295.26853083604055,220.39940326463145,265.693369226825,405.10009269246575,25020230.0,39,0.6330421782738329
250.0,0.996,0.004,235.9782741324409,234.955280957231,230.8732482307766,207.183321689732,212.59384439444386,230.87326244973528,414.49612223187626,242.90314481908445,230.9102635349068,232.03078546790107,272.88351842487316,230.87327845002395,413.21727469299583,286.42102385639737,246.48121035441767,327.51618514209144,225.2945557800015,173.9330858759106,253.10937344855134,263.5408208997633,237.72335755759482,229.1836329532953,234.46493248176222,235.3273009459917,268.4169063717127,208.1046418249607,246.65731040955768,236.3152863749583,283.0079630147131,206.24381059896768,222.08684033461412,233.42600266500457,222.36154720458995,275.33952599405643,266.20082576637947,224.71451418760336,606.0387572073623,240.31970286446372,207.18332198327568,414.4961476325989,234.2456180572557,226.57374116643132,232.01586827377196,221.94915398335775,217.55527068799165,207.18332179888608,307.5637513646467,224.1718285209895,272.44649531979195,432.9050246121214,25020230.0,39,0.6328575464337579
500.0,0.998,0.002,252.40048942666164,249.62505933589264,244.79690904480654,215.8263040973049,225.49728532528724,244.79692632836745,461.8196234416341,261.9160950031596,244.8479343448035,246.45649313893392,304.88308583500515,244.79694367460522,460.3423375803566,310.1944621521575,265.6473836253141,391.1617627880347,233.20238391951497,177.45795387696097,273.79922860440536,286.22793787210685,251.1720053345306,246.05267159858113,250.04653132316378,250.41303097810786,291.12869830429554,216.82636830210686,261.7399783673735,255.0518105807849,309.69328936273985,214.69639335431566,236.73792728483153,248.4966866876263,233.56288914801922,310.1984219403593,290.05701744139355,236.2476143757499,709.203454164419,258.9320574815527,215.8263043849435,461.81965684890747,248.93096475370027,238.3851199465022,246.432454893405,232.70773089832755,228.97434305670868,215.8263040399973,346.65864485345975,235.4005240121551,293.4068175780359,531.9562696853652,25020230.0,39,0.6324887451428414
750.0,0.9986666666666667,0.0013333333333333333,262.01852291956646,258.01204406982464,252.73982889219027,220.62759417134203,232.9832392442016,252.73984799854597,489.5020970521766,273.03795761092204,252.79987527907008,254.72067402785433,325.0055899400408,252.73986610096316,487.90873221359084,323.95070671259646,276.8498912936202,433.25299511183744,237.45439458226195,179.34180791947227,285.89448805539666,299.49080682556894,258.6851800541441,255.92033060453127,259.08194583761303,259.0737199802114,304.4059857875109,221.67140170931816,270.21303372072714,266.01197463504843,325.3032045958428,219.38437379357856,245.29760629962027,257.1894544986691,239.82786202196746,332.5529125574924,304.0119517551453,242.6976592297092,774.2718139522708,270.023770054979,220.6275944557003,489.5021357536316,257.3283886487558,244.98995524463436,254.69070155991187,238.69958700305835,235.5400561087215,220.6275940215275,370.09899293339924,241.66251510706786,305.6601917065694,600.0504184951416,25020230.0,39,0.6323659481318762
1000.0,0.999,0.001,268.8602578213717,263.8859588854513,258.29545524826733,223.93328151439448,238.27054458246158,258.29547565998354,509.143124651392,280.9290447072649,258.362263921942,260.5159257444477,339.9544209202259,258.29549428655923,507.4674004677175,333.651635792786,284.7957074836793,465.46337896068667,240.3255851512268,180.60970646932904,294.47412466948333,308.8986763247292,263.87385837832915,262.921530097319,265.46734029204634,265.1546471986717,313.824083738029,225.0072062909603,276.08307628391486,273.7883347866115,336.37861571076655,222.60892336670986,251.36784299253054,263.31183458878627,244.15795053352318,349.36850790462034,313.91312802228674,247.1553708225605,822.7118153226925,277.99934566632106,223.93328179649424,509.1431670188904,263.2100709602522,249.55421297316144,260.48148966957257,242.8307980430231,240.16017669546733,223.93328130086485,386.96030928880367,245.98299618936423,314.3519851935336,653.5736572997632,25020230.0,39,0.6323045752290363
