<?xml version="1.0" encoding="UTF-8"?>
<metadata xml:lang="en"><Esri><CreaDate>20211027</CreaDate><CreaTime>08403600</CreaTime><ArcGISFormat>1.0</ArcGISFormat><SyncOnce>TRUE</SyncOnce><DataProperties><lineage><Process Name="Select" ToolSource="c:\program files (x86)\arcgis\desktop10.2\ArcToolbox\Toolboxes\Analysis Tools.tbx\Select" Date="20211027" Time="084036">Select GIS$_Layer D:\R.HydroTools\DisenoEstructuraContraccionExpansionSubcritico\SHP\NubePuntos.shp #</Process></lineage></DataProperties></Esri></metadata>
