<?xml version="1.0" encoding="UTF-8"?>
<metadata xml:lang="en"><Esri><CreaDate>20211027</CreaDate><CreaTime>08403900</CreaTime><ArcGISFormat>1.0</ArcGISFormat><SyncOnce>TRUE</SyncOnce><DataProperties><lineage><Process Name="TIN Triangle" ToolSource="c:\program files (x86)\arcgis\desktop10.2\ArcToolbox\Toolboxes\3D Analyst Tools.tbx\TinTriangle" Date="20211027" Time="084039">TinTriangle D:\R.HydroTools\DisenoEstructuraContraccionExpansionSubcritico\MDT\TIN D:\R.HydroTools\DisenoEstructuraContraccionExpansionSubcritico\SHP\TINTriangle.shp PERCENT 1 # #</Process></lineage></DataProperties></Esri></metadata>
