<?xml version="1.0" encoding="UTF-8"?>
<metadata xml:lang="es"><Esri><CreaDate>20240921</CreaDate><CreaTime>10124500</CreaTime><ArcGISFormat>1.0</ArcGISFormat><SyncOnce>TRUE</SyncOnce><DataProperties><lineage><Process Name="Select" ToolSource="c:\program files\arcgis\pro\Resources\ArcToolbox\toolboxes\Analysis Tools.tbx\Select" Date="20240921" Time="101245">Select GIS$_Layer C:\Temp\Escalonada\SHP\NubePuntos.shp #</Process><Process Name="Delete Identical" ToolSource="c:\program files\arcgis\pro\Resources\ArcToolbox\toolboxes\Data Management Tools.tbx\DeleteIdentical" Date="20240921" Time="101246">DeleteIdentical C:\Temp\Escalonada\SHP\NubePuntos.shp CX;CY;CZ # 0</Process></lineage></DataProperties></Esri></metadata>
