<?xml version="1.0" encoding="UTF-8"?>
<metadata xml:lang="es"><Esri><CreaDate>20240921</CreaDate><CreaTime>10124600</CreaTime><ArcGISFormat>1.0</ArcGISFormat><SyncOnce>TRUE</SyncOnce><DataProperties><lineage><Process Name="TIN Domain" ToolSource="c:\program files\arcgis\pro\Resources\ArcToolbox\toolboxes\3D Analyst Tools.tbx\TinDomain" Date="20240921" Time="101246">TinDomain C:\Temp\Escalonada\MDT\TIN C:\Temp\Escalonada\SHP\TINDomain.shp POLYGON</Process></lineage></DataProperties></Esri></metadata>
